{
 "id": null,
 "schema_name": "qcschema_output",
 "schema_version": 1,
 "molecule": {
  "schema_name": "qcschema_molecule",
  "schema_version": 2,
  "validated": true,
  "symbols": [
   "C",
   "C",
   "H",
   "H",
   "O"
  ],
  "geometry": [
   3.676845351498147e-17,
   -1.20094883,
   0.945496855170611,
   -3.676845351498147e-17,
   1.20094883,
   0.945496855170611,
   -9.559320950706318e-17,
   3.12231117,
   1.570596445170611,
   9.559320950706318e-17,
   -3.12231117,
   1.570596445170611,
   0.0,
   0.0,
   -1.616619904829389
  ],
  "name": "C2H2O",
  "molecular_charge": 0.0,
  "molecular_multiplicity": 1,
  "fix_com": false,
  "fix_orientation": false,
  "provenance": {
   "creator": "QCElemental",
   "version": "v0.17.0",
   "routine": "qcelemental.molparse.from_schema"
  }
 },
 "driver": "energy",
 "model": {
  "method": "pbe0-d3bj",
  "basis": "cc-pvdz"
 },
 "keywords": {
  "reference": "RKS",
  "dft_spherical_points": 974,
  "dft_radial_points": 150,
  "guess": "SAP"
 },
 "protocols": {},
 "extras": {
  "qcvars": {
   "2-BODY DISPERSION CORRECTION ENERGY": -0.00165104,
   "CURRENT DIPOLE X": 0.0,
   "CURRENT DIPOLE Y": 0.0,
   "CURRENT DIPOLE Z": 2.3891011410473766,
   "CURRENT ENERGY": -152.30484049029963,
   "CURRENT REFERENCE ENERGY": -152.30484049029963,
   "DFT FUNCTIONAL TOTAL ENERGY": -152.3031894502996,
   "DFT TOTAL ENERGY": -152.30484049029963,
   "DFT VV10 ENERGY": 0.0,
   "DFT XC ENERGY": -15.117551604283296,
   "DISPERSION CORRECTION ENERGY": -0.00165104,
   "NUCLEAR REPULSION ENERGY": 61.3474725047478,
   "ONE-ELECTRON ENERGY": -328.24581630687663,
   "PBE0-D3(BJ) DISPERSION CORRECTION ENERGY": -0.00165104,
   "PCM POLARIZATION ENERGY": 0.0,
   "PE ENERGY": 0.0,
   "SCF DIPOLE X": 0.0,
   "SCF DIPOLE Y": 0.0,
   "SCF DIPOLE Z": 2.3891011410473766,
   "SCF ITERATION ENERGY": -152.30484049029963,
   "SCF ITERATIONS": 8.0,
   "SCF TOTAL ENERGY": -152.30484049029963,
   "TWO-ELECTRON ENERGY": 129.7127059561125,
   "XC GRID RADIAL POINTS": 150.0,
   "XC GRID SPHERICAL POINTS": 974.0,
   "XC GRID TOTAL POINTS": 692954.0,
   "CURRENT DIPOLE": [
    0.0,
    0.0,
    0.9399447137090157
   ],
   "SCF DIPOLE": [
    0.0,
    0.0,
    0.9399447137090157
   ]
  }
 },
 "provenance": {
  "creator": "Psi4",
  "version": "1.4a2.dev923",
  "routine": "psi4.schema_runner.run_qcschema",
  "memory": 24.0,
  "nthreads": 16,
  "username": "ubuntu",
  "wall_time": 9.628306150436401,
  "qcengine_version": "v0.17.0",
  "cpu": "AMD EPYC Processor (with IBPB)",
  "hostname": "bignimbus"
 },
 "properties": {
  "calcinfo_nbasis": 52,
  "calcinfo_nmo": 52,
  "calcinfo_nalpha": 11,
  "calcinfo_nbeta": 11,
  "calcinfo_natom": 5,
  "nuclear_repulsion_energy": 61.3474725047478,
  "return_energy": -152.30484049029963,
  "scf_one_electron_energy": -328.24581630687663,
  "scf_two_electron_energy": 129.7127059561125,
  "scf_xc_energy": -15.117551604283296,
  "scf_dispersion_correction_energy": -0.00165104,
  "scf_dipole_moment": [
   0.0,
   0.0,
   0.9399447137090157
  ],
  "scf_total_energy": -152.30484049029963,
  "scf_iterations": 8
 },
 "wavefunction": null,
 "return_result": -152.30484049029963,
 "stdout": "\n    -----------------------------------------------------------------------\n          Psi4: An Open-Source Ab Initio Electronic Structure Package\n                               Psi4 1.4a2.dev923 \n\n                         Git: Rev {master} 5de566e \n\n\n    D. G. A. Smith, L. A. Burns, A. C. Simmonett, R. M. Parrish,\n    M. C. Schieber, R. Galvelis, P. Kraus, H. Kruse, R. Di Remigio,\n    A. Alenaizan, A. M. James, S. Lehtola, J. P. Misiewicz, M. Scheurer,\n    R. A. Shaw, J. B. Schriber, Y. Xie, Z. L. Glick, D. A. Sirianni,\n    J. S. O'Brien, J. M. Waldrop, A. Kumar, E. G. Hohenstein,\n    B. P. Pritchard, B. R. Brooks, H. F. Schaefer III, A. Yu. Sokolov,\n    K. Patkowski, A. E. DePrince III, U. Bozkaya, R. A. King,\n    F. A. Evangelista, J. M. Turney, T. D. Crawford, C. D. Sherrill,\n    J. Chem. Phys. 152(18) 184108 (2020). https://doi.org/10.1063/5.0006002\n\n                            Additional Code Authors\n    E. T. Seidl, C. L. Janssen, E. F. Valeev, M. L. Leininger,\n    J. F. Gonthier, R. M. Richard, H. R. McAlexander, M. Saitow, X. Wang,\n    P. Verma, and M. H. Lechner\n\n             Previous Authors, Complete List of Code Contributors,\n                       and Citations for Specific Modules\n    https://github.com/psi4/psi4/blob/master/codemeta.json\n    https://github.com/psi4/psi4/graphs/contributors\n    http://psicode.org/psi4manual/master/introduction.html#citing-psifour\n\n    -----------------------------------------------------------------------\n\n\n    Psi4 started on: Tuesday, 20 October 2020 03:49AM\n\n    Process ID: 3252934\n    Host:       bignimbus\n    PSIDATADIR: /home/ubuntu/pk/Applications/miniconda3/envs/psi4-1.4a2.dev923/share/psi4\n    Memory:     22.4 GiB\n    Threads:    16\n    \n  ==> Input QCSchema <==\n\n--------------------------------------------------------------------------\n{'driver': 'energy',\n 'extras': {},\n 'id': None,\n 'keywords': {'dft_radial_points': 150, 'dft_spherical_points': 974, 'guess': 'SAP', 'reference': 'RKS'},\n 'model': {'basis': 'cc-pvdz', 'method': 'pbe0-d3bj'},\n 'molecule': {'fix_com': False,\n              'fix_orientation': False,\n              'geometry': [0.0, -1.20094883, 0.88710341, 0.0, 1.20094883, 0.88710341, 0.0, 3.12231117, 1.512203, 0.0,\n                           -3.12231117, 1.512203, 0.0, 0.0, -1.67501335],\n              'molecular_charge': 0.0,\n              'molecular_multiplicity': 1,\n              'name': 'C2H2O',\n              'provenance': {'creator': 'QCElemental',\n                             'routine': 'qcelemental.molparse.from_schema',\n                             'version': 'v0.17.0'},\n              'schema_name': 'qcschema_molecule',\n              'schema_version': 2,\n              'symbols': ['C', 'C', 'H', 'H', 'O'],\n              'validated': True},\n 'protocols': {},\n 'provenance': {'creator': 'QCElemental', 'routine': 'qcelemental.models.results', 'version': 'v0.17.0'},\n 'schema_name': 'qcschema_input',\n 'schema_version': 1}\n--------------------------------------------------------------------------\n\nScratch directory: /tmp/tmp7cqt97du_psi_scratch/\n\n*** tstart() called on bignimbus\n*** at Tue Oct 20 03:49:27 2020\n\n   => Loading Basis Set <=\n\n    Name: CC-PVDZ\n    Role: ORBITAL\n    Keyword: BASIS\n    atoms 1-2 entry C          line   138 file /home/ubuntu/pk/Applications/miniconda3/envs/psi4-1.4a2.dev923/share/psi4/basis/cc-pvdz.gbs \n    atoms 3-4 entry H          line    22 file /home/ubuntu/pk/Applications/miniconda3/envs/psi4-1.4a2.dev923/share/psi4/basis/cc-pvdz.gbs \n    atoms 5   entry O          line   198 file /home/ubuntu/pk/Applications/miniconda3/envs/psi4-1.4a2.dev923/share/psi4/basis/cc-pvdz.gbs \n\n   => PBE0-D3(BJ): Empirical Dispersion <=\n\n    Grimme's -D3 (BJ-damping) Dispersion Correction\n    Grimme S.; Ehrlich S.; Goerigk L. (2011), J. Comput. Chem., 32: 1456\n\n        s6 =       1.000000\n        s8 =       1.217700\n        a1 =       0.414500\n        a2 =       4.859300\n\n\n         ---------------------------------------------------------\n                                   SCF\n               by Justin Turney, Rob Parrish, Andy Simmonett\n                          and Daniel G. A. Smith\n                              RKS Reference\n                       16 Threads,  22888 MiB Core\n         ---------------------------------------------------------\n\n  ==> Geometry <==\n\n    Molecular point group: c2v\n    Full point group: C2v\n\n    Geometry (in Bohr), charge = 0, multiplicity = 1:\n\n       Center              X                  Y                   Z               Mass       \n    ------------   -----------------  -----------------  -----------------  -----------------\n         C            0.000000000000    -1.200948830000     0.945496855171    12.000000000000\n         C 