{
 "id": null,
 "schema_name": "qcschema_output",
 "schema_version": 1,
 "molecule": {
  "schema_name": "qcschema_molecule",
  "schema_version": 2,
  "validated": true,
  "symbols": [
   "N",
   "H",
   "H",
   "H",
   "F",
   "F"
  ],
  "geometry": [
   -1.8316314227500644e-10,
   4.408043927119731,
   0.0,
   -1.775684930183163,
   5.134484887119732,
   0.0,
   0.8878424698168369,
   5.134484887119732,
   1.53778731,
   0.8878424698168369,
   5.134484887119732,
   -1.53778731,
   -1.8316314227500644e-10,
   -0.6861966128802683,
   0.0,
   -1.8316314227500644e-10,
   -3.379942622880268,
   0.0
  ],
  "name": "F2H3N",
  "molecular_charge": 0.0,
  "molecular_multiplicity": 1,
  "fix_com": false,
  "fix_orientation": false,
  "provenance": {
   "creator": "QCElemental",
   "version": "v0.17.0",
   "routine": "qcelemental.molparse.from_schema"
  }
 },
 "driver": "energy",
 "model": {
  "method": "pbe-d3bj",
  "basis": "cc-pwcvdz"
 },
 "keywords": {
  "reference": "RKS",
  "dft_spherical_points": 974,
  "dft_radial_points": 150,
  "guess": "SAP"
 },
 "protocols": {},
 "extras": {
  "qcvars": {
   "2-BODY DISPERSION CORRECTION ENERGY": -0.00135308,
   "CURRENT DIPOLE X": 5.803039419635348e-07,
   "CURRENT DIPOLE Y": 3.1403065710806466,
   "CURRENT DIPOLE Z": 0.0,
   "CURRENT ENERGY": -255.83133225696707,
   "CURRENT REFERENCE ENERGY": -255.83133225696707,
   "DFT FUNCTIONAL TOTAL ENERGY": -255.82997917696707,
   "DFT TOTAL ENERGY": -255.83133225696707,
   "DFT VV10 ENERGY": 0.0,
   "DFT XC ENERGY": -28.57077670772944,
   "DISPERSION CORRECTION ENERGY": -0.00135308,
   "NUCLEAR REPULSION ENERGY": 69.9882961908774,
   "ONE-ELECTRON ENERGY": -494.4603903544752,
   "PBE-D3(BJ) DISPERSION CORRECTION ENERGY": -0.00135308,
   "PCM POLARIZATION ENERGY": 0.0,
   "PE ENERGY": 0.0,
   "SCF DIPOLE X": 5.803039419635348e-07,
   "SCF DIPOLE Y": 3.1403065710806466,
   "SCF DIPOLE Z": 0.0,
   "SCF ITERATION ENERGY": -255.83133225696707,
   "SCF ITERATIONS": 11.0,
   "SCF TOTAL ENERGY": -255.83133225696707,
   "TWO-ELECTRON ENERGY": 197.21289169436014,
   "XC GRID RADIAL POINTS": 150.0,
   "XC GRID SPHERICAL POINTS": 974.0,
   "XC GRID TOTAL POINTS": 841428.0,
   "CURRENT DIPOLE": [
    2.283091382033338e-07,
    1.2354916709884094,
    0.0
   ],
   "SCF DIPOLE": [
    2.283091382033338e-07,
    1.2354916709884094,
    0.0
   ]
  }
 },
 "provenance": {
  "creator": "Psi4",
  "version": "1.4a2.dev923",
  "routine": "psi4.schema_runner.run_qcschema",
  "memory": 250.0,
  "qcengine_version": "v0.17.0",
  "hostname": "bignimbus",
  "username": "ubuntu",
  "cpu": "AMD EPYC Processor (with IBPB)",
  "wall_time": 10.719182014465332,
  "nthreads": 16
 },
 "properties": {
  "calcinfo_nbasis": 69,
  "calcinfo_nmo": 69,
  "calcinfo_nalpha": 14,
  "calcinfo_nbeta": 14,
  "calcinfo_natom": 6,
  "nuclear_repulsion_energy": 69.9882961908774,
  "return_energy": -255.83133225696707,
  "scf_one_electron_energy": -494.4603903544752,
  "scf_two_electron_energy": 197.21289169436014,
  "scf_xc_energy": -28.57077670772944,
  "scf_dispersion_correction_energy": -0.00135308,
  "scf_dipole_moment": [
   2.283091382033338e-07,
   1.2354916709884094,
   0.0
  ],
  "scf_total_energy": -255.83133225696707,
  "scf_iterations": 11
 },
 "wavefunction": null,
 "return_result": -255.83133225696707,
 "stdout": "\n    -----------------------------------------------------------------------\n          Psi4: An Open-Source Ab Initio Electronic Structure Package\n                               Psi4 1.4a2.dev923 \n\n                         Git: Rev {master} 5de566e \n\n\n    D. G. A. Smith, L. A. Burns, A. C. Simmonett, R. M. Parrish,\n    M. C. Schieber, R. Galvelis, P. Kraus, H. Kruse, R. Di Remigio,\n    A. Alenaizan, A. M. James, S. Lehtola, J. P. Misiewicz, M. Scheurer,\n    R. A. Shaw, J. B. Schriber, Y. Xie, Z. L. Glick, D. A. Sirianni,\n    J. S. O'Brien, J. M. Waldrop, A. Kumar, E. G. Hohenstein,\n    B. P. Pritchard, B. R. Brooks, H. F. Schaefer III, A. Yu. Sokolov,\n    K. Patkowski, A. E. DePrince III, U. Bozkaya, R. A. King,\n    F. A. Evangelista, J. M. Turney, T. D. Crawford, C. D. Sherrill,\n    J. Chem. Phys. 152(18) 184108 (2020). https://doi.org/10.1063/5.0006002\n\n                            Additional Code Authors\n    E. T. Seidl, C. L. Janssen, E. F. Valeev, M. L. Leininger,\n    J. F. Gonthier, R. M. Richard, H. R. McAlexander, M. Saitow, X. Wang,\n    P. Verma, and M. H. Lechner\n\n             Previous Authors, Complete List of Code Contributors,\n                       and Citations for Specific Modules\n    https://github.com/psi4/psi4/blob/master/codemeta.json\n    https://github.com/psi4/psi4/graphs/contributors\n    http://psicode.org/psi4manual/master/introduction.html#citing-psifour\n\n    -----------------------------------------------------------------------\n\n\n    Psi4 started on: Wednesday, 27 January 2021 10:41PM\n\n    Process ID: 262273\n    Host:       bignimbus\n    PSIDATADIR: /home/ubuntu/pk/Applications/miniconda3/envs/psi4-1.4a2.dev923/share/psi4\n    Memory:     232.8 GiB\n    Threads:    16\n    \n  ==> Input QCSchema <==\n\n--------------------------------------------------------------------------\n{'driver': 'energy',\n 'extras': {},\n 'id': None,\n 'keywords': {'dft_radial_points': 150, 'dft_spherical_points': 974, 'guess': 'SAP', 'reference': 'RKS'},\n 'model': {'basis': 'cc-pwcvdz', 'method': 'pbe-d3bj'},\n 'molecule': {'fix_com': False,\n              'fix_orientation': False,\n              'geometry': [0.0, 0.0, -4.06288282, 0.0, 1.77568493, -4.78932378, 1.53778731, -0.88784247, -4.78932378,\n                           -1.53778731, -0.88784247, -4.78932378, 0.0, 0.0, 1.03135772, 0.0, 0.0, 3.72510373],\n              'molecular_charge': 0.0,\n              'molecular_multiplicity': 1,\n              'name': 'F2H3N',\n              'provenance': {'creator': 'QCElemental',\n                             'routine': 'qcelemental.molparse.from_schema',\n                             'version': 'v0.17.0'},\n              'schema_name': 'qcschema_molecule',\n              'schema_version': 2,\n              'symbols': ['N', 'H', 'H', 'H', 'F', 'F'],\n              'validated': True},\n 'protocols': {},\n 'provenance': {'creator': 'QCElemental', 'routine': 'qcelemental.models.results', 'version': 'v0.17.0'},\n 'schema_name': 'qcschema_input',\n 'schema_version': 1}\n--------------------------------------------------------------------------\n\nScratch directory: /tmp/tmp4372uju2_psi_scratch/\n\n*** tstart() called on bignimbus\n*** at Wed Jan 27 22:41:18 2021\n\n   => Loading Basis Set <=\n\n    Name: CC-PWCVDZ\n    Role: ORBITAL\n    Keyword: BASIS\n    atoms 1   entry N          line   207 file /home/ubuntu/pk/Applications/miniconda3/envs/psi4-1.4a2.dev923/share/psi4/basis/cc-pwcvdz.gbs \n    atoms 2-4 entry H          line    45 file /home/ubuntu/pk/Applications/miniconda3/envs/psi4-1.4a2.dev923/share/psi4/basis/cc-pwcvdz.gbs \n    atoms 5-6 entry F          line   275 file /home/ubuntu/pk/Applications/miniconda3/envs/psi4-1.4a2.dev923/share/psi4/basis/cc-pwcvdz.gbs \n\n   => PBE-D3(BJ): Empirical Dispersion <=\n\n    Grimme's -D3 (BJ-damping) Dispersion Correction\n    Grimme S.; Ehrlich S.; Goerigk L. (2011), J. Comput. Chem., 32: 1456\n\n        s6 =       1.000000\n        s8 =       0.787500\n        a1 =       0.428900\n        a2 =       4.440700\n\n\n         ---------------------------------------------------------\n                                   SCF\n               by Justin Turney, Rob Parrish, Andy Simmonett\n                          and Daniel G. A. Smith\n                              RKS Reference\n                       16 Threads, 238418 MiB Core\n         ---------------------------------------------------------\n\n  ==> Geometry <==\n\n    Molecular point group: cs\n    Full point group: Cs\n\n    Geometry (in Bohr), charge = 0, multiplicity = 1:\n\n       Center              X                  Y                   Z               Mass   