{
 "id": null,
 "schema_name": "qcschema_output",
 "schema_version": 1,
 "molecule": {
  "schema_name": "qcschema_molecule",
  "schema_version": 2,
  "validated": true,
  "symbols": [
   "O",
   "C",
   "C",
   "H",
   "H",
   "H",
   "H"
  ],
  "geometry": [
   0.7758518513040374,
   -1.3005107965442317,
   0.0,
   0.7758518513040374,
   1.4005459034557683,
   0.0,
   -1.6009907986959626,
   -0.01741830654423171,
   0.0,
   1.4276920513040374,
   2.265722233455768,
   -1.73746753,
   1.4276920513040374,
   2.265722233455768,
   1.73746753,
   -2.6719639586959625,
   -0.18002885654423184,
   -1.73746753,
   -2.6719639586959625,
   -0.18002885654423184,
   1.73746753
  ],
  "name": "C2H4O",
  "molecular_charge": 0.0,
  "molecular_multiplicity": 1,
  "fix_com": false,
  "fix_orientation": false,
  "provenance": {
   "creator": "QCElemental",
   "version": "v0.17.0",
   "routine": "qcelemental.molparse.from_schema"
  }
 },
 "driver": "energy",
 "model": {
  "method": "pbe0-d3bj",
  "basis": "pcseg-1"
 },
 "keywords": {
  "reference": "RKS",
  "dft_spherical_points": 974,
  "dft_radial_points": 150,
  "guess": "SAP"
 },
 "protocols": {},
 "extras": {
  "qcvars": {
   "2-BODY DISPERSION CORRECTION ENERGY": -0.00240687,
   "CURRENT DIPOLE X": -1.0904738671208047,
   "CURRENT DIPOLE Y": 1.8278915403733773,
   "CURRENT DIPOLE Z": 0.0,
   "CURRENT ENERGY": -153.58252756802318,
   "CURRENT REFERENCE ENERGY": -153.58252756802318,
   "DFT FUNCTIONAL TOTAL ENERGY": -153.5801206980232,
   "DFT TOTAL ENERGY": -153.58252756802318,
   "DFT VV10 ENERGY": 0.0,
   "DFT XC ENERGY": -15.7440608911701,
   "DISPERSION CORRECTION ENERGY": -0.00240687,
   "NUCLEAR REPULSION ENERGY": 75.31656371570934,
   "ONE-ELECTRON ENERGY": -357.1489835417618,
   "PBE0-D3(BJ) DISPERSION CORRECTION ENERGY": -0.00240687,
   "PCM POLARIZATION ENERGY": 0.0,
   "PE ENERGY": 0.0,
   "SCF DIPOLE X": -1.0904738671208047,
   "SCF DIPOLE Y": 1.8278915403733773,
   "SCF DIPOLE Z": 0.0,
   "SCF ITERATION ENERGY": -153.58252756802318,
   "SCF ITERATIONS": 8.0,
   "SCF TOTAL ENERGY": -153.58252756802318,
   "TWO-ELECTRON ENERGY": 143.99636001919941,
   "XC GRID RADIAL POINTS": 150.0,
   "XC GRID SPHERICAL POINTS": 974.0,
   "XC GRID TOTAL POINTS": 967725.0,
   "CURRENT DIPOLE": [
    -0.42902543104084606,
    0.7191478674084795,
    0.0
   ],
   "SCF DIPOLE": [
    -0.42902543104084606,
    0.7191478674084795,
    0.0
   ]
  }
 },
 "provenance": {
  "creator": "Psi4",
  "version": "1.4a2.dev923",
  "routine": "psi4.schema_runner.run_qcschema",
  "username": "ubuntu",
  "qcengine_version": "v0.17.0",
  "wall_time": 11.70778203010559,
  "nthreads": 16,
  "memory": 64.0,
  "cpu": "AMD EPYC Processor (with IBPB)",
  "hostname": "bignimbus"
 },
 "properties": {
  "calcinfo_nbasis": 62,
  "calcinfo_nmo": 62,
  "calcinfo_nalpha": 12,
  "calcinfo_nbeta": 12,
  "calcinfo_natom": 7,
  "nuclear_repulsion_energy": 75.31656371570934,
  "return_energy": -153.58252756802318,
  "scf_one_electron_energy": -357.1489835417618,
  "scf_two_electron_energy": 143.99636001919941,
  "scf_xc_energy": -15.7440608911701,
  "scf_dispersion_correction_energy": -0.00240687,
  "scf_dipole_moment": [
   -0.42902543104084606,
   0.7191478674084795,
   0.0
  ],
  "scf_total_energy": -153.58252756802318,
  "scf_iterations": 8
 },
 "wavefunction": null,
 "return_result": -153.58252756802318,
 "stdout": "\n    -----------------------------------------------------------------------\n          Psi4: An Open-Source Ab Initio Electronic Structure Package\n                               Psi4 1.4a2.dev923 \n\n                         Git: Rev {master} 5de566e \n\n\n    D. G. A. Smith, L. A. Burns, A. C. Simmonett, R. M. Parrish,\n    M. C. Schieber, R. Galvelis, P. Kraus, H. Kruse, R. Di Remigio,\n    A. Alenaizan, A. M. James, S. Lehtola, J. P. Misiewicz, M. Scheurer,\n    R. A. Shaw, J. B. Schriber, Y. Xie, Z. L. Glick, D. A. Sirianni,\n    J. S. O'Brien, J. M. Waldrop, A. Kumar, E. G. Hohenstein,\n    B. P. Pritchard, B. R. Brooks, H. F. Schaefer III, A. Yu. Sokolov,\n    K. Patkowski, A. E. DePrince III, U. Bozkaya, R. A. King,\n    F. A. Evangelista, J. M. Turney, T. D. Crawford, C. D. Sherrill,\n    J. Chem. Phys. 152(18) 184108 (2020). https://doi.org/10.1063/5.0006002\n\n                            Additional Code Authors\n    E. T. Seidl, C. L. Janssen, E. F. Valeev, M. L. Leininger,\n    J. F. Gonthier, R. M. Richard, H. R. McAlexander, M. Saitow, X. Wang,\n    P. Verma, and M. H. Lechner\n\n             Previous Authors, Complete List of Code Contributors,\n                       and Citations for Specific Modules\n    https://github.com/psi4/psi4/blob/master/codemeta.json\n    https://github.com/psi4/psi4/graphs/contributors\n    http://psicode.org/psi4manual/master/introduction.html#citing-psifour\n\n    -----------------------------------------------------------------------\n\n\n    Psi4 started on: Sunday, 31 January 2021 02:59AM\n\n    Process ID: 2361270\n    Host:       bignimbus\n    PSIDATADIR: /home/ubuntu/pk/Applications/miniconda3/envs/psi4-1.4a2.dev923/share/psi4\n    Memory:     59.6 GiB\n    Threads:    16\n    \n  ==> Input QCSchema <==\n\n--------------------------------------------------------------------------\n{'driver': 'energy',\n 'extras': {},\n 'id': None,\n 'keywords': {'dft_radial_points': 150, 'dft_spherical_points': 974, 'guess': 'SAP', 'reference': 'RKS'},\n 'model': {'basis': 'pcseg-1', 'method': 'pbe0-d3bj'},\n 'molecule': {'fix_com': False,\n              'fix_orientation': False,\n              'geometry': [0.0, 0.0, 0.0, 0.0, 0.0, 2.7010567, 2.37684265, 0.0, 1.28309249, -0.6518402, -1.73746753,\n                           3.56623303, -0.6518402, 1.73746753, 3.56623303, 3.44781581, -1.73746753, 1.12048194,\n                           3.44781581, 1.73746753, 1.12048194],\n              'molecular_charge': 0.0,\n              'molecular_multiplicity': 1,\n              'name': 'C2H4O',\n              'provenance': {'creator': 'QCElemental',\n                             'routine': 'qcelemental.molparse.from_schema',\n                             'version': 'v0.17.0'},\n              'schema_name': 'qcschema_molecule',\n              'schema_version': 2,\n              'symbols': ['O', 'C', 'C', 'H', 'H', 'H', 'H'],\n              'validated': True},\n 'protocols': {},\n 'provenance': {'creator': 'QCElemental', 'routine': 'qcelemental.models.results', 'version': 'v0.17.0'},\n 'schema_name': 'qcschema_input',\n 'schema_version': 1}\n--------------------------------------------------------------------------\n\nScratch directory: /home/ubuntu/pk/scratch/tmpv2j29u7q_psi_scratch/\n\n*** tstart() called on bignimbus\n*** at Sun Jan 31 02:59:54 2021\n\n   => Loading Basis Set <=\n\n    Name: PCSEG-1\n    Role: ORBITAL\n    Keyword: BASIS\n    atoms 1   entry O          line   132 file /home/ubuntu/pk/Applications/miniconda3/envs/psi4-1.4a2.dev923/share/psi4/basis/pcseg-1.gbs \n    atoms 2-3 entry C          line    90 file /home/ubuntu/pk/Applications/miniconda3/envs/psi4-1.4a2.dev923/share/psi4/basis/pcseg-1.gbs \n    atoms 4-7 entry H          line    13 file /home/ubuntu/pk/Applications/miniconda3/envs/psi4-1.4a2.dev923/share/psi4/basis/pcseg-1.gbs \n\n   => PBE0-D3(BJ): Empirical Dispersion <=\n\n    Grimme's -D3 (BJ-damping) Dispersion Correction\n    Grimme S.; Ehrlich S.; Goerigk L. (2011), J. Comput. Chem., 32: 1456\n\n        s6 =       1.000000\n        s8 =       1.217700\n        a1 =       0.414500\n        a2 =       4.859300\n\n\n         ---------------------------------------------------------\n                                   SCF\n               by Justin Turney, Rob Parrish, Andy Simmonett\n                          and Daniel G. A. Smith\n                              RKS Reference\n                       16 Threads,  61035 MiB Core\n         ---------------------------------------------------------\n\n  ==> Geometry <==\n\n    Molecular point group: cs\n    Full point group: Cs\n\n    