{
 "id": null,
 "schema_name": "qcschema_output",
 "schema_version": 1,
 "molecule": {
  "schema_name": "qcschema_molecule",
  "schema_version": 2,
  "validated": true,
  "symbols": [
   "Si",
   "Cl",
   "Cl",
   "Cl",
   "Cl"
  ],
  "geometry": [
   0.0,
   0.0,
   0.0,
   3.160278842539423,
   9.675563422322516e-17,
   2.2346546,
   -3.160278842539423,
   -9.675563422322516e-17,
   2.2346546,
   9.675563422322516e-17,
   -3.160278842539423,
   -2.2346546,
   -9.675563422322516e-17,
   3.160278842539423,
   -2.2346546
  ],
  "name": "Cl4Si",
  "molecular_charge": 0.0,
  "molecular_multiplicity": 1,
  "fix_com": false,
  "fix_orientation": false,
  "provenance": {
   "creator": "QCElemental",
   "version": "v0.17.0",
   "routine": "qcelemental.molparse.from_schema"
  }
 },
 "driver": "energy",
 "model": {
  "method": "pbe-d3bj",
  "basis": "aug-cc-pvdz"
 },
 "keywords": {
  "reference": "RKS",
  "dft_spherical_points": 974,
  "dft_radial_points": 150,
  "guess": "SAP"
 },
 "protocols": {},
 "extras": {
  "qcvars": {
   "2-BODY DISPERSION CORRECTION ENERGY": -0.00851966,
   "CURRENT DIPOLE X": 0.0,
   "CURRENT DIPOLE Y": 0.0,
   "CURRENT DIPOLE Z": 3.96004973381867e-06,
   "CURRENT ENERGY": -2129.625649365965,
   "CURRENT REFERENCE ENERGY": -2129.625649365965,
   "DFT FUNCTIONAL TOTAL ENERGY": -2129.617129705965,
   "DFT TOTAL ENERGY": -2129.625649365965,
   "DFT VV10 ENERGY": 0.0,
   "DFT XC ENERGY": -133.09015306499367,
   "DISPERSION CORRECTION ENERGY": -0.00851966,
   "NUCLEAR REPULSION ENERGY": 520.3036905825448,
   "ONE-ELECTRON ENERGY": -3979.4978026283384,
   "PBE-D3(BJ) DISPERSION CORRECTION ENERGY": -0.00851966,
   "PCM POLARIZATION ENERGY": 0.0,
   "PE ENERGY": 0.0,
   "SCF DIPOLE X": 0.0,
   "SCF DIPOLE Y": 0.0,
   "SCF DIPOLE Z": 3.96004973381867e-06,
   "SCF ITERATION ENERGY": -2129.625649365965,
   "SCF ITERATIONS": 8.0,
   "SCF TOTAL ENERGY": -2129.625649365965,
   "TWO-ELECTRON ENERGY": 1462.6671354048221,
   "XC GRID RADIAL POINTS": 150.0,
   "XC GRID SPHERICAL POINTS": 974.0,
   "XC GRID TOTAL POINTS": 702300.0,
   "CURRENT DIPOLE": [
    0.0,
    0.0,
    1.558003447144074e-06
   ],
   "SCF DIPOLE": [
    0.0,
    0.0,
    1.558003447144074e-06
   ]
  }
 },
 "provenance": {
  "creator": "Psi4",
  "version": "1.4a2.dev923",
  "routine": "psi4.schema_runner.run_qcschema",
  "memory": 24.0,
  "nthreads": 16,
  "qcengine_version": "v0.17.0",
  "username": "ubuntu",
  "wall_time": 11.55550765991211,
  "hostname": "bignimbus",
  "cpu": "AMD EPYC Processor (with IBPB)"
 },
 "properties": {
  "calcinfo_nbasis": 135,
  "calcinfo_nmo": 135,
  "calcinfo_nalpha": 41,
  "calcinfo_nbeta": 41,
  "calcinfo_natom": 5,
  "nuclear_repulsion_energy": 520.3036905825448,
  "return_energy": -2129.625649365965,
  "scf_one_electron_energy": -3979.4978026283384,
  "scf_two_electron_energy": 1462.6671354048221,
  "scf_xc_energy": -133.09015306499367,
  "scf_dispersion_correction_energy": -0.00851966,
  "scf_dipole_moment": [
   0.0,
   0.0,
   1.558003447144074e-06
  ],
  "scf_total_energy": -2129.625649365965,
  "scf_iterations": 8
 },
 "wavefunction": null,
 "return_result": -2129.625649365965,
 "stdout": "\n    -----------------------------------------------------------------------\n          Psi4: An Open-Source Ab Initio Electronic Structure Package\n                               Psi4 1.4a2.dev923 \n\n                         Git: Rev {master} 5de566e \n\n\n    D. G. A. Smith, L. A. Burns, A. C. Simmonett, R. M. Parrish,\n    M. C. Schieber, R. Galvelis, P. Kraus, H. Kruse, R. Di Remigio,\n    A. Alenaizan, A. M. James, S. Lehtola, J. P. Misiewicz, M. Scheurer,\n    R. A. Shaw, J. B. Schriber, Y. Xie, Z. L. Glick, D. A. Sirianni,\n    J. S. O'Brien, J. M. Waldrop, A. Kumar, E. G. Hohenstein,\n    B. P. Pritchard, B. R. Brooks, H. F. Schaefer III, A. Yu. Sokolov,\n    K. Patkowski, A. E. DePrince III, U. Bozkaya, R. A. King,\n    F. A. Evangelista, J. M. Turney, T. D. Crawford, C. D. Sherrill,\n    J. Chem. Phys. 152(18) 184108 (2020). https://doi.org/10.1063/5.0006002\n\n                            Additional Code Authors\n    E. T. Seidl, C. L. Janssen, E. F. Valeev, M. L. Leininger,\n    J. F. Gonthier, R. M. Richard, H. R. McAlexander, M. Saitow, X. Wang,\n    P. Verma, and M. H. Lechner\n\n             Previous Authors, Complete List of Code Contributors,\n                       and Citations for Specific Modules\n    https://github.com/psi4/psi4/blob/master/codemeta.json\n    https://github.com/psi4/psi4/graphs/contributors\n    http://psicode.org/psi4manual/master/introduction.html#citing-psifour\n\n    -----------------------------------------------------------------------\n\n\n    Psi4 started on: Thursday, 22 October 2020 06:54PM\n\n    Process ID: 376236\n    Host:       bignimbus\n    PSIDATADIR: /home/ubuntu/pk/Applications/miniconda3/envs/psi4-1.4a2.dev923/share/psi4\n    Memory:     22.4 GiB\n    Threads:    16\n    \n  ==> Input QCSchema <==\n\n--------------------------------------------------------------------------\n{'driver': 'energy',\n 'extras': {},\n 'id': None,\n 'keywords': {'dft_radial_points': 150, 'dft_spherical_points': 974, 'guess': 'SAP', 'reference': 'RKS'},\n 'model': {'basis': 'aug-cc-pvdz', 'method': 'pbe-d3bj'},\n 'molecule': {'fix_com': False,\n              'fix_orientation': False,\n              'geometry': [0.0, 0.0, 0.0, 2.2346546, -2.2346546, 2.2346546, -2.2346546, 2.2346546, 2.2346546,\n                           -2.2346546, -2.2346546, -2.2346546, 2.2346546, 2.2346546, -2.2346546],\n              'molecular_charge': 0.0,\n              'molecular_multiplicity': 1,\n              'name': 'Cl4Si',\n              'provenance': {'creator': 'QCElemental',\n                             'routine': 'qcelemental.molparse.from_schema',\n                             'version': 'v0.17.0'},\n              'schema_name': 'qcschema_molecule',\n              'schema_version': 2,\n              'symbols': ['Si', 'Cl', 'Cl', 'Cl', 'Cl'],\n              'validated': True},\n 'protocols': {},\n 'provenance': {'creator': 'QCElemental', 'routine': 'qcelemental.models.results', 'version': 'v0.17.0'},\n 'schema_name': 'qcschema_input',\n 'schema_version': 1}\n--------------------------------------------------------------------------\n\nScratch directory: /tmp/tmpbet6a184_psi_scratch/\n\n*** tstart() called on bignimbus\n*** at Thu Oct 22 18:54:19 2020\n\n   => Loading Basis Set <=\n\n    Name: AUG-CC-PVDZ\n    Role: ORBITAL\n    Keyword: BASIS\n    atoms 1   entry SI         line   570 file /home/ubuntu/pk/Applications/miniconda3/envs/psi4-1.4a2.dev923/share/psi4/basis/aug-cc-pvdz.gbs \n    atoms 2-5 entry CL         line   768 file /home/ubuntu/pk/Applications/miniconda3/envs/psi4-1.4a2.dev923/share/psi4/basis/aug-cc-pvdz.gbs \n\n   => PBE-D3(BJ): Empirical Dispersion <=\n\n    Grimme's -D3 (BJ-damping) Dispersion Correction\n    Grimme S.; Ehrlich S.; Goerigk L. (2011), J. Comput. Chem., 32: 1456\n\n        s6 =       1.000000\n        s8 =       0.787500\n        a1 =       0.428900\n        a2 =       4.440700\n\n\n         ---------------------------------------------------------\n                                   SCF\n               by Justin Turney, Rob Parrish, Andy Simmonett\n                          and Daniel G. A. Smith\n                              RKS Reference\n                       16 Threads,  22888 MiB Core\n         ---------------------------------------------------------\n\n  ==> Geometry <==\n\n    Molecular point group: c2v\n    Full point group: Td\n\n    Geometry (in Bohr), charge = 0, multiplicity = 1:\n\n       Center              X                  Y                   Z               Mass       \n    ------------   -----------------  -----------------  -----------------  -----------------\n         SI           0.000000000000     0.000000000000     0.000000000000    27.976926534650\n         CL           3.160278842539     0.000000000000     2.234654600000    34.968852682000\n         CL          