{
 "id": null,
 "schema_name": "qcschema_output",
 "schema_version": 1,
 "molecule": {
  "schema_name": "qcschema_molecule",
  "schema_version": 2,
  "validated": true,
  "symbols": [
   "C",
   "N",
   "H"
  ],
  "geometry": [
   0.07928498235674934,
   1.189947564628591,
   0.0,
   0.07928498235674934,
   -1.0557124353714085,
   0.0,
   -2.0456460176432505,
   0.49993656462859115,
   0.0
  ],
  "name": "CHN",
  "molecular_charge": 0.0,
  "molecular_multiplicity": 1,
  "fix_com": false,
  "fix_orientation": false,
  "provenance": {
   "creator": "QCElemental",
   "version": "v0.17.0",
   "routine": "qcelemental.molparse.from_schema"
  }
 },
 "driver": "energy",
 "model": {
  "method": "pbe-d3bj",
  "basis": "cc-pvqz"
 },
 "keywords": {
  "reference": "RKS",
  "dft_spherical_points": 974,
  "dft_radial_points": 150,
  "guess": "SAP"
 },
 "protocols": {},
 "extras": {
  "qcvars": {
   "2-BODY DISPERSION CORRECTION ENERGY": -0.00083971,
   "CURRENT DIPOLE X": -1.1706404339605754,
   "CURRENT DIPOLE Y": 0.10979685181963358,
   "CURRENT DIPOLE Z": 0.0,
   "CURRENT ENERGY": -93.27942952720134,
   "CURRENT REFERENCE ENERGY": -93.27942952720134,
   "DFT FUNCTIONAL TOTAL ENERGY": -93.27858981720135,
   "DFT TOTAL ENERGY": -93.27942952720134,
   "DFT VV10 ENERGY": 0.0,
   "DFT XC ENERGY": -12.435734680020168,
   "DISPERSION CORRECTION ENERGY": -0.00083971,
   "NUCLEAR REPULSION ENERGY": 24.046371127574044,
   "ONE-ELECTRON ENERGY": -172.82557781942248,
   "PBE-D3(BJ) DISPERSION CORRECTION ENERGY": -0.00083971,
   "PCM POLARIZATION ENERGY": 0.0,
   "PE ENERGY": 0.0,
   "SCF DIPOLE X": -1.1706404339605754,
   "SCF DIPOLE Y": 0.10979685181963358,
   "SCF DIPOLE Z": 0.0,
   "SCF ITERATION ENERGY": -93.27942952720134,
   "SCF ITERATIONS": 9.0,
   "SCF TOTAL ENERGY": -93.27942952720134,
   "TWO-ELECTRON ENERGY": 67.93635155466724,
   "XC GRID RADIAL POINTS": 150.0,
   "XC GRID SPHERICAL POINTS": 974.0,
   "XC GRID TOTAL POINTS": 421487.0,
   "CURRENT DIPOLE": [
    -0.4605653853033972,
    0.043197405365815844,
    0.0
   ],
   "SCF DIPOLE": [
    -0.4605653853033972,
    0.043197405365815844,
    0.0
   ]
  }
 },
 "provenance": {
  "creator": "Psi4",
  "version": "1.4a2.dev923",
  "routine": "psi4.schema_runner.run_qcschema",
  "nthreads": 16,
  "username": "ubuntu",
  "wall_time": 10.402655363082886,
  "memory": 24.0,
  "hostname": "bignimbus",
  "qcengine_version": "v0.17.0",
  "cpu": "AMD EPYC Processor (with IBPB)"
 },
 "properties": {
  "calcinfo_nbasis": 140,
  "calcinfo_nmo": 140,
  "calcinfo_nalpha": 7,
  "calcinfo_nbeta": 7,
  "calcinfo_natom": 3,
  "nuclear_repulsion_energy": 24.046371127574044,
  "return_energy": -93.27942952720134,
  "scf_one_electron_energy": -172.82557781942248,
  "scf_two_electron_energy": 67.93635155466724,
  "scf_xc_energy": -12.435734680020168,
  "scf_dispersion_correction_energy": -0.00083971,
  "scf_dipole_moment": [
   -0.4605653853033972,
   0.043197405365815844,
   0.0
  ],
  "scf_total_energy": -93.27942952720134,
  "scf_iterations": 9
 },
 "wavefunction": null,
 "return_result": -93.27942952720134,
 "stdout": "\n    -----------------------------------------------------------------------\n          Psi4: An Open-Source Ab Initio Electronic Structure Package\n                               Psi4 1.4a2.dev923 \n\n                         Git: Rev {master} 5de566e \n\n\n    D. G. A. Smith, L. A. Burns, A. C. Simmonett, R. M. Parrish,\n    M. C. Schieber, R. Galvelis, P. Kraus, H. Kruse, R. Di Remigio,\n    A. Alenaizan, A. M. James, S. Lehtola, J. P. Misiewicz, M. Scheurer,\n    R. A. Shaw, J. B. Schriber, Y. Xie, Z. L. Glick, D. A. Sirianni,\n    J. S. O'Brien, J. M. Waldrop, A. Kumar, E. G. Hohenstein,\n    B. P. Pritchard, B. R. Brooks, H. F. Schaefer III, A. Yu. Sokolov,\n    K. Patkowski, A. E. DePrince III, U. Bozkaya, R. A. King,\n    F. A. Evangelista, J. M. Turney, T. D. Crawford, C. D. Sherrill,\n    J. Chem. Phys. 152(18) 184108 (2020). https://doi.org/10.1063/5.0006002\n\n                            Additional Code Authors\n    E. T. Seidl, C. L. Janssen, E. F. Valeev, M. L. Leininger,\n    J. F. Gonthier, R. M. Richard, H. R. McAlexander, M. Saitow, X. Wang,\n    P. Verma, and M. H. Lechner\n\n             Previous Authors, Complete List of Code Contributors,\n                       and Citations for Specific Modules\n    https://github.com/psi4/psi4/blob/master/codemeta.json\n    https://github.com/psi4/psi4/graphs/contributors\n    http://psicode.org/psi4manual/master/introduction.html#citing-psifour\n\n    -----------------------------------------------------------------------\n\n\n    Psi4 started on: Saturday, 24 October 2020 02:41PM\n\n    Process ID: 1013104\n    Host:       bignimbus\n    PSIDATADIR: /home/ubuntu/pk/Applications/miniconda3/envs/psi4-1.4a2.dev923/share/psi4\n    Memory:     22.4 GiB\n    Threads:    16\n    \n  ==> Input QCSchema <==\n\n--------------------------------------------------------------------------\n{'driver': 'energy',\n 'extras': {},\n 'id': None,\n 'keywords': {'dft_radial_points': 150, 'dft_spherical_points': 974, 'guess': 'SAP', 'reference': 'RKS'},\n 'model': {'basis': 'cc-pvqz', 'method': 'pbe-d3bj'},\n 'molecule': {'fix_com': False,\n              'fix_orientation': False,\n              'geometry': [0.151781, 1.17212, 0.0, 0.151781, -1.07354, 0.0, -1.97315, 0.482109, 0.0],\n              'molecular_charge': 0.0,\n              'molecular_multiplicity': 1,\n              'name': 'CHN',\n              'provenance': {'creator': 'QCElemental',\n                             'routine': 'qcelemental.molparse.from_schema',\n                             'version': 'v0.17.0'},\n              'schema_name': 'qcschema_molecule',\n              'schema_version': 2,\n              'symbols': ['C', 'N', 'H'],\n              'validated': True},\n 'protocols': {},\n 'provenance': {'creator': 'QCElemental', 'routine': 'qcelemental.models.results', 'version': 'v0.17.0'},\n 'schema_name': 'qcschema_input',\n 'schema_version': 1}\n--------------------------------------------------------------------------\n\nScratch directory: /tmp/tmp3cfq8ehk_psi_scratch/\n\n*** tstart() called on bignimbus\n*** at Sat Oct 24 14:41:33 2020\n\n   => Loading Basis Set <=\n\n    Name: CC-PVQZ\n    Role: ORBITAL\n    Keyword: BASIS\n    atoms 1 entry C          line   239 file /home/ubuntu/pk/Applications/miniconda3/envs/psi4-1.4a2.dev923/share/psi4/basis/cc-pvqz.gbs \n    atoms 2 entry N          line   289 file /home/ubuntu/pk/Applications/miniconda3/envs/psi4-1.4a2.dev923/share/psi4/basis/cc-pvqz.gbs \n    atoms 3 entry H          line    22 file /home/ubuntu/pk/Applications/miniconda3/envs/psi4-1.4a2.dev923/share/psi4/basis/cc-pvqz.gbs \n\n   => PBE-D3(BJ): Empirical Dispersion <=\n\n    Grimme's -D3 (BJ-damping) Dispersion Correction\n    Grimme S.; Ehrlich S.; Goerigk L. (2011), J. Comput. Chem., 32: 1456\n\n        s6 =       1.000000\n        s8 =       0.787500\n        a1 =       0.428900\n        a2 =       4.440700\n\n\n         ---------------------------------------------------------\n                                   SCF\n               by Justin Turney, Rob Parrish, Andy Simmonett\n                          and Daniel G. A. Smith\n                              RKS Reference\n                       16 Threads,  22888 MiB Core\n         ---------------------------------------------------------\n\n  ==> Geometry <==\n\n    Molecular point group: cs\n    Full point group: Cs\n\n    Geometry (in Bohr), charge = 0, multiplicity = 1:\n\n       Center              X                  Y                   Z               Mass       \n    ------------   -----------------  -----------------  -----------------  -----------------\n         C            0.079284982357     1.189947564629     0.000000000000    12.000000000000\n         N            0.079284982357    -1.055712435371     0.000000000000    14.003074004430\n         H           -2.045646017643     0.499936564629     0.000000000000     