{
 "id": null,
 "schema_name": "qcschema_output",
 "schema_version": 1,
 "molecule": {
  "schema_name": "qcschema_molecule",
  "schema_version": 2,
  "validated": true,
  "symbols": [
   "C",
   "H",
   "H"
  ],
  "geometry": [
   0.14726918888985488,
   -0.11940465925004434,
   0.0,
   0.14726918888985488,
   1.9738638707499554,
   0.0,
   -1.900778191110145,
   -0.5521330492500442,
   0.0
  ],
  "name": "CH2",
  "molecular_charge": 0.0,
  "molecular_multiplicity": 1,
  "fix_com": false,
  "fix_orientation": false,
  "provenance": {
   "creator": "QCElemental",
   "version": "v0.17.0",
   "routine": "qcelemental.molparse.from_schema"
  }
 },
 "driver": "energy",
 "model": {
  "method": "pbe-d3bj",
  "basis": "def2-svpd"
 },
 "keywords": {
  "reference": "RKS",
  "dft_spherical_points": 974,
  "dft_radial_points": 150,
  "guess": "SAP"
 },
 "protocols": {},
 "extras": {
  "qcvars": {
   "2-BODY DISPERSION CORRECTION ENERGY": -0.00050885,
   "CURRENT DIPOLE X": -1.3778692996727835,
   "CURRENT DIPOLE Y": 1.1171589710985634,
   "CURRENT DIPOLE Z": 0.0,
   "CURRENT ENERGY": -39.03520068318993,
   "CURRENT REFERENCE ENERGY": -39.03520068318993,
   "DFT FUNCTIONAL TOTAL ENERGY": -39.034691833189925,
   "DFT TOTAL ENERGY": -39.03520068318993,
   "DFT VV10 ENERGY": 0.0,
   "DFT XC ENERGY": -5.956085351027815,
   "DISPERSION CORRECTION ENERGY": -0.00050885,
   "NUCLEAR REPULSION ENERGY": 6.040176577275509,
   "ONE-ELECTRON ENERGY": -63.54888480138781,
   "PBE-D3(BJ) DISPERSION CORRECTION ENERGY": -0.00050885,
   "PCM POLARIZATION ENERGY": 0.0,
   "PE ENERGY": 0.0,
   "SCF DIPOLE X": -1.3778692996727835,
   "SCF DIPOLE Y": 1.1171589710985634,
   "SCF DIPOLE Z": 0.0,
   "SCF ITERATION ENERGY": -39.03520068318993,
   "SCF ITERATIONS": 6.0,
   "SCF TOTAL ENERGY": -39.03520068318993,
   "TWO-ELECTRON ENERGY": 24.43010174195019,
   "XC GRID RADIAL POINTS": 150.0,
   "XC GRID SPHERICAL POINTS": 974.0,
   "XC GRID TOTAL POINTS": 425993.0,
   "CURRENT DIPOLE": [
    -0.5420954944760514,
    0.43952415877895834,
    0.0
   ],
   "SCF DIPOLE": [
    -0.5420954944760514,
    0.43952415877895834,
    0.0
   ]
  }
 },
 "provenance": {
  "creator": "Psi4",
  "version": "1.4a2.dev923",
  "routine": "psi4.schema_runner.run_qcschema",
  "memory": 24.0,
  "nthreads": 16,
  "wall_time": 8.126534461975098,
  "cpu": "AMD EPYC Processor (with IBPB)",
  "hostname": "bignimbus",
  "qcengine_version": "v0.17.0",
  "username": "ubuntu"
 },
 "properties": {
  "calcinfo_nbasis": 36,
  "calcinfo_nmo": 36,
  "calcinfo_nalpha": 4,
  "calcinfo_nbeta": 4,
  "calcinfo_natom": 3,
  "nuclear_repulsion_energy": 6.040176577275509,
  "return_energy": -39.03520068318993,
  "scf_one_electron_energy": -63.54888480138781,
  "scf_two_electron_energy": 24.43010174195019,
  "scf_xc_energy": -5.956085351027815,
  "scf_dispersion_correction_energy": -0.00050885,
  "scf_dipole_moment": [
   -0.5420954944760514,
   0.43952415877895834,
   0.0
  ],
  "scf_total_energy": -39.03520068318993,
  "scf_iterations": 6
 },
 "wavefunction": null,
 "return_result": -39.03520068318993,
 "stdout": "\n    -----------------------------------------------------------------------\n          Psi4: An Open-Source Ab Initio Electronic Structure Package\n                               Psi4 1.4a2.dev923 \n\n                         Git: Rev {master} 5de566e \n\n\n    D. G. A. Smith, L. A. Burns, A. C. Simmonett, R. M. Parrish,\n    M. C. Schieber, R. Galvelis, P. Kraus, H. Kruse, R. Di Remigio,\n    A. Alenaizan, A. M. James, S. Lehtola, J. P. Misiewicz, M. Scheurer,\n    R. A. Shaw, J. B. Schriber, Y. Xie, Z. L. Glick, D. A. Sirianni,\n    J. S. O'Brien, J. M. Waldrop, A. Kumar, E. G. Hohenstein,\n    B. P. Pritchard, B. R. Brooks, H. F. Schaefer III, A. Yu. Sokolov,\n    K. Patkowski, A. E. DePrince III, U. Bozkaya, R. A. King,\n    F. A. Evangelista, J. M. Turney, T. D. Crawford, C. D. Sherrill,\n    J. Chem. Phys. 152(18) 184108 (2020). https://doi.org/10.1063/5.0006002\n\n                            Additional Code Authors\n    E. T. Seidl, C. L. Janssen, E. F. Valeev, M. L. Leininger,\n    J. F. Gonthier, R. M. Richard, H. R. McAlexander, M. Saitow, X. Wang,\n    P. Verma, and M. H. Lechner\n\n             Previous Authors, Complete List of Code Contributors,\n                       and Citations for Specific Modules\n    https://github.com/psi4/psi4/blob/master/codemeta.json\n    https://github.com/psi4/psi4/graphs/contributors\n    http://psicode.org/psi4manual/master/introduction.html#citing-psifour\n\n    -----------------------------------------------------------------------\n\n\n    Psi4 started on: Tuesday, 27 October 2020 11:39AM\n\n    Process ID: 1654004\n    Host:       bignimbus\n    PSIDATADIR: /home/ubuntu/pk/Applications/miniconda3/envs/psi4-1.4a2.dev923/share/psi4\n    Memory:     22.4 GiB\n    Threads:    16\n    \n  ==> Input QCSchema <==\n\n--------------------------------------------------------------------------\n{'driver': 'energy',\n 'extras': {},\n 'id': None,\n 'keywords': {'dft_radial_points': 150, 'dft_spherical_points': 974, 'guess': 'SAP', 'reference': 'RKS'},\n 'model': {'basis': 'def2-svpd', 'method': 'pbe-d3bj'},\n 'molecule': {'fix_com': False,\n              'fix_orientation': False,\n              'geometry': [0.0, 0.0, 0.0, 0.0, 0.0, 2.09326853, 2.04804738, 0.0, -0.43272839],\n              'molecular_charge': 0.0,\n              'molecular_multiplicity': 1,\n              'name': 'CH2',\n              'provenance': {'creator': 'QCElemental',\n                             'routine': 'qcelemental.molparse.from_schema',\n                             'version': 'v0.17.0'},\n              'schema_name': 'qcschema_molecule',\n              'schema_version': 2,\n              'symbols': ['C', 'H', 'H'],\n              'validated': True},\n 'protocols': {},\n 'provenance': {'creator': 'QCElemental', 'routine': 'qcelemental.models.results', 'version': 'v0.17.0'},\n 'schema_name': 'qcschema_input',\n 'schema_version': 1}\n--------------------------------------------------------------------------\n\nScratch directory: /tmp/tmpnrykfgy7_psi_scratch/\n\n*** tstart() called on bignimbus\n*** at Tue Oct 27 11:39:07 2020\n\n   => Loading Basis Set <=\n\n    Name: DEF2-SVPD\n    Role: ORBITAL\n    Keyword: BASIS\n    atoms 1   entry C          line   101 file /home/ubuntu/pk/Applications/miniconda3/envs/psi4-1.4a2.dev923/share/psi4/basis/def2-svpd.gbs \n    atoms 2-3 entry H          line    14 file /home/ubuntu/pk/Applications/miniconda3/envs/psi4-1.4a2.dev923/share/psi4/basis/def2-svpd.gbs \n\n   => PBE-D3(BJ): Empirical Dispersion <=\n\n    Grimme's -D3 (BJ-damping) Dispersion Correction\n    Grimme S.; Ehrlich S.; Goerigk L. (2011), J. Comput. Chem., 32: 1456\n\n        s6 =       1.000000\n        s8 =       0.787500\n        a1 =       0.428900\n        a2 =       4.440700\n\n\n         ---------------------------------------------------------\n                                   SCF\n               by Justin Turney, Rob Parrish, Andy Simmonett\n                          and Daniel G. A. Smith\n                              RKS Reference\n                       16 Threads,  22888 MiB Core\n         ---------------------------------------------------------\n\n  ==> Geometry <==\n\n    Molecular point group: cs\n    Full point group: Cs\n\n    Geometry (in Bohr), charge = 0, multiplicity = 1:\n\n       Center              X                  Y                   Z               Mass       \n    ------------   -----------------  -----------------  -----------------  -----------------\n         C            0.147269188890    -0.119404659250     0.000000000000    12.000000000000\n         H            0.147269188890     1.973863870750     0.000000000000     1.007825032230\n         H           -1.900778191110    -0.552133049250     0.000000000000     1.007825032230\n\n  Running in cs symmetry.\n\n  Rotational constants: A =     20.07096  B =     11.29672  C =      7.22833 [cm^-1]\n  Rotational constants: 