{
 "id": null,
 "schema_name": "qcschema_output",
 "schema_version": 1,
 "molecule": {
  "schema_name": "qcschema_molecule",
  "schema_version": 2,
  "validated": true,
  "symbols": [
   "C",
   "H",
   "H"
  ],
  "geometry": [
   1.0622117761303837e-33,
   0.0,
   -0.11524204128367396,
   -5.72944792711797e-17,
   1.8713797091886524,
   0.6860836212532619,
   5.729447927117969e-17,
   -1.8713797091886526,
   0.6860836212532619
  ],
  "name": "CH2",
  "molecular_charge": 0.0,
  "molecular_multiplicity": 3,
  "fix_com": false,
  "fix_orientation": false,
  "provenance": {
   "creator": "QCElemental",
   "version": "v0.17.0",
   "routine": "qcelemental.molparse.from_schema"
  }
 },
 "driver": "energy",
 "model": {
  "method": "pbe-d3bj",
  "basis": "aug-cc-pvdz"
 },
 "keywords": {
  "reference": "UKS",
  "dft_spherical_points": 974,
  "dft_radial_points": 150,
  "guess": "SAP"
 },
 "protocols": {},
 "extras": {
  "qcvars": {
   "2-BODY DISPERSION CORRECTION ENERGY": -0.00050593,
   "CURRENT DIPOLE X": -3.1329443857565707e-32,
   "CURRENT DIPOLE Y": -5.643810867306312e-16,
   "CURRENT DIPOLE Z": 0.6083734074527442,
   "CURRENT ENERGY": -39.09431926705551,
   "CURRENT REFERENCE ENERGY": -39.09431926705551,
   "DFT FUNCTIONAL TOTAL ENERGY": -39.09381333705551,
   "DFT TOTAL ENERGY": -39.09431926705551,
   "DFT VV10 ENERGY": 0.0,
   "DFT XC ENERGY": -6.015348751058027,
   "DISPERSION CORRECTION ENERGY": -0.00050593,
   "NUCLEAR REPULSION ENERGY": 6.161882279571796,
   "ONE-ELECTRON ENERGY": -63.913475984767146,
   "PBE-D3(BJ) DISPERSION CORRECTION ENERGY": -0.00050593,
   "PCM POLARIZATION ENERGY": 0.0,
   "PE ENERGY": 0.0,
   "SCF DIPOLE X": -3.1329443857565707e-32,
   "SCF DIPOLE Y": -5.643810867306312e-16,
   "SCF DIPOLE Z": 0.6083734074527442,
   "SCF ITERATION ENERGY": -39.09431926705551,
   "SCF ITERATIONS": 8.0,
   "SCF TOTAL ENERGY": -39.09431926705551,
   "TWO-ELECTRON ENERGY": 24.673129119197863,
   "XC GRID RADIAL POINTS": 150.0,
   "XC GRID SPHERICAL POINTS": 974.0,
   "XC GRID TOTAL POINTS": 427765.0,
   "CURRENT DIPOLE": [
    -1.232595164407831e-32,
    -2.220446049250313e-16,
    0.23935251566857305
   ],
   "SCF DIPOLE": [
    -1.232595164407831e-32,
    -2.220446049250313e-16,
    0.23935251566857305
   ]
  }
 },
 "provenance": {
  "creator": "Psi4",
  "version": "1.4a2.dev923",
  "routine": "psi4.schema_runner.run_qcschema",
  "hostname": "bignimbus",
  "memory": 24.0,
  "cpu": "AMD EPYC Processor (with IBPB)",
  "qcengine_version": "v0.17.0",
  "nthreads": 16,
  "username": "ubuntu",
  "wall_time": 16.08381199836731
 },
 "properties": {
  "calcinfo_nbasis": 41,
  "calcinfo_nmo": 41,
  "calcinfo_nalpha": 5,
  "calcinfo_nbeta": 3,
  "calcinfo_natom": 3,
  "nuclear_repulsion_energy": 6.161882279571796,
  "return_energy": -39.09431926705551,
  "scf_one_electron_energy": -63.913475984767146,
  "scf_two_electron_energy": 24.673129119197863,
  "scf_xc_energy": -6.015348751058027,
  "scf_dispersion_correction_energy": -0.00050593,
  "scf_dipole_moment": [
   -1.232595164407831e-32,
   -2.220446049250313e-16,
   0.23935251566857305
  ],
  "scf_total_energy": -39.09431926705551,
  "scf_iterations": 8
 },
 "wavefunction": null,
 "return_result": -39.09431926705551,
 "stdout": "\n    -----------------------------------------------------------------------\n          Psi4: An Open-Source Ab Initio Electronic Structure Package\n                               Psi4 1.4a2.dev923 \n\n                         Git: Rev {master} 5de566e \n\n\n    D. G. A. Smith, L. A. Burns, A. C. Simmonett, R. M. Parrish,\n    M. C. Schieber, R. Galvelis, P. Kraus, H. Kruse, R. Di Remigio,\n    A. Alenaizan, A. M. James, S. Lehtola, J. P. Misiewicz, M. Scheurer,\n    R. A. Shaw, J. B. Schriber, Y. Xie, Z. L. Glick, D. A. Sirianni,\n    J. S. O'Brien, J. M. Waldrop, A. Kumar, E. G. Hohenstein,\n    B. P. Pritchard, B. R. Brooks, H. F. Schaefer III, A. Yu. Sokolov,\n    K. Patkowski, A. E. DePrince III, U. Bozkaya, R. A. King,\n    F. A. Evangelista, J. M. Turney, T. D. Crawford, C. D. Sherrill,\n    J. Chem. Phys. 152(18) 184108 (2020). https://doi.org/10.1063/5.0006002\n\n                            Additional Code Authors\n    E. T. Seidl, C. L. Janssen, E. F. Valeev, M. L. Leininger,\n    J. F. Gonthier, R. M. Richard, H. R. McAlexander, M. Saitow, X. Wang,\n    P. Verma, and M. H. Lechner\n\n             Previous Authors, Complete List of Code Contributors,\n                       and Citations for Specific Modules\n    https://github.com/psi4/psi4/blob/master/codemeta.json\n    https://github.com/psi4/psi4/graphs/contributors\n    http://psicode.org/psi4manual/master/introduction.html#citing-psifour\n\n    -----------------------------------------------------------------------\n\n\n    Psi4 started on: Wednesday, 28 October 2020 09:03PM\n\n    Process ID: 1852424\n    Host:       bignimbus\n    PSIDATADIR: /home/ubuntu/pk/Applications/miniconda3/envs/psi4-1.4a2.dev923/share/psi4\n    Memory:     22.4 GiB\n    Threads:    16\n    \n  ==> Input QCSchema <==\n\n--------------------------------------------------------------------------\n{'driver': 'energy',\n 'extras': {},\n 'id': None,\n 'keywords': {'dft_radial_points': 150, 'dft_spherical_points': 974, 'guess': 'SAP', 'reference': 'UKS'},\n 'model': {'basis': 'aug-cc-pvdz', 'method': 'pbe-d3bj'},\n 'molecule': {'fix_com': False,\n              'fix_orientation': False,\n              'geometry': [0.0, 0.0, 0.0, 0.0, 0.0, 2.0357271, 1.47326681, 0.0, -1.40487357],\n              'molecular_charge': 0.0,\n              'molecular_multiplicity': 3,\n              'name': 'CH2',\n              'provenance': {'creator': 'QCElemental',\n                             'routine': 'qcelemental.molparse.from_schema',\n                             'version': 'v0.17.0'},\n              'schema_name': 'qcschema_molecule',\n              'schema_version': 2,\n              'symbols': ['C', 'H', 'H'],\n              'validated': True},\n 'protocols': {},\n 'provenance': {'creator': 'QCElemental', 'routine': 'qcelemental.models.results', 'version': 'v0.17.0'},\n 'schema_name': 'qcschema_input',\n 'schema_version': 1}\n--------------------------------------------------------------------------\n\nScratch directory: /tmp/tmp8aqg8_sa_psi_scratch/\n\n*** tstart() called on bignimbus\n*** at Wed Oct 28 21:03:47 2020\n\n   => Loading Basis Set <=\n\n    Name: AUG-CC-PVDZ\n    Role: ORBITAL\n    Keyword: BASIS\n    atoms 1   entry C          line   182 file /home/ubuntu/pk/Applications/miniconda3/envs/psi4-1.4a2.dev923/share/psi4/basis/aug-cc-pvdz.gbs \n    atoms 2-3 entry H          line    40 file /home/ubuntu/pk/Applications/miniconda3/envs/psi4-1.4a2.dev923/share/psi4/basis/aug-cc-pvdz.gbs \n\n   => PBE-D3(BJ): Empirical Dispersion <=\n\n    Grimme's -D3 (BJ-damping) Dispersion Correction\n    Grimme S.; Ehrlich S.; Goerigk L. (2011), J. Comput. Chem., 32: 1456\n\n        s6 =       1.000000\n        s8 =       0.787500\n        a1 =       0.428900\n        a2 =       4.440700\n\n\n         ---------------------------------------------------------\n                                   SCF\n               by Justin Turney, Rob Parrish, Andy Simmonett\n                          and Daniel G. A. Smith\n                              UKS Reference\n                       16 Threads,  22888 MiB Core\n         ---------------------------------------------------------\n\n  ==> Geometry <==\n\n    Molecular point group: c2v\n    Full point group: C2v\n\n    Geometry (in Bohr), charge = 0, multiplicity = 3:\n\n       Center              X                  Y                   Z               Mass       \n    ------------   -----------------  -----------------  -----------------  -----------------\n         C            0.000000000000     0.000000000000    -0.115242041284    12.000000000000\n         H           -0.000000000000     1.871379709189     0.686083621253     1.007825032230\n         H            0.000000000000    -1.871379709189     