{
 "id": null,
 "schema_name": "qcschema_output",
 "schema_version": 1,
 "molecule": {
  "schema_name": "qcschema_molecule",
  "schema_version": 2,
  "validated": true,
  "symbols": [
   "Al",
   "H",
   "H",
   "H"
  ],
  "geometry": [
   0.0,
   0.0,
   6.381825323176431e-09,
   7.94314618104098e-17,
   -2.5944284299999993,
   -1.4978940536181744,
   -7.94314618104098e-17,
   2.5944284299999993,
   -1.4978940536181744,
   0.0,
   0.0,
   2.995787936381825
  ],
  "name": "AlH3",
  "molecular_charge": 0.0,
  "molecular_multiplicity": 1,
  "fix_com": false,
  "fix_orientation": false,
  "provenance": {
   "creator": "QCElemental",
   "version": "v0.17.0",
   "routine": "qcelemental.molparse.from_schema"
  }
 },
 "driver": "energy",
 "model": {
  "method": "pbe-d3bj",
  "basis": "def2-qzvpd"
 },
 "keywords": {
  "reference": "RKS",
  "dft_spherical_points": 974,
  "dft_radial_points": 150,
  "guess": "SAP"
 },
 "protocols": {},
 "extras": {
  "qcvars": {
   "2-BODY DISPERSION CORRECTION ENERGY": -0.00108129,
   "CURRENT DIPOLE X": 0.0,
   "CURRENT DIPOLE Y": 0.0,
   "CURRENT DIPOLE Z": 1.7212585022713318e-07,
   "CURRENT ENERGY": -244.06053591671196,
   "CURRENT REFERENCE ENERGY": -244.06053591671196,
   "DFT FUNCTIONAL TOTAL ENERGY": -244.05945462671195,
   "DFT TOTAL ENERGY": -244.06053591671196,
   "DFT VV10 ENERGY": 0.0,
   "DFT XC ENERGY": -19.566103580206512,
   "DISPERSION CORRECTION ENERGY": -0.00108129,
   "NUCLEAR REPULSION ENERGY": 13.596439901405073,
   "ONE-ELECTRON ENERGY": -365.7768306698118,
   "PBE-D3(BJ) DISPERSION CORRECTION ENERGY": -0.00108129,
   "PCM POLARIZATION ENERGY": 0.0,
   "PE ENERGY": 0.0,
   "SCF DIPOLE X": 0.0,
   "SCF DIPOLE Y": 0.0,
   "SCF DIPOLE Z": 1.7212585022713318e-07,
   "SCF ITERATION ENERGY": -244.06053591671196,
   "SCF ITERATIONS": 7.0,
   "SCF TOTAL ENERGY": -244.06053591671196,
   "TWO-ELECTRON ENERGY": 127.68703972190126,
   "XC GRID RADIAL POINTS": 150.0,
   "XC GRID SPHERICAL POINTS": 974.0,
   "XC GRID TOTAL POINTS": 566841.0,
   "CURRENT DIPOLE": [
    0.0,
    0.0,
    6.771952021367156e-08
   ],
   "SCF DIPOLE": [
    0.0,
    0.0,
    6.771952021367156e-08
   ]
  }
 },
 "provenance": {
  "creator": "Psi4",
  "version": "1.4a2.dev923",
  "routine": "psi4.schema_runner.run_qcschema",
  "memory": 24.0,
  "wall_time": 11.107370138168335,
  "qcengine_version": "v0.17.0",
  "nthreads": 16,
  "cpu": "AMD EPYC Processor (with IBPB)",
  "username": "ubuntu",
  "hostname": "bignimbus"
 },
 "properties": {
  "calcinfo_nbasis": 175,
  "calcinfo_nmo": 175,
  "calcinfo_nalpha": 8,
  "calcinfo_nbeta": 8,
  "calcinfo_natom": 4,
  "nuclear_repulsion_energy": 13.596439901405073,
  "return_energy": -244.06053591671196,
  "scf_one_electron_energy": -365.7768306698118,
  "scf_two_electron_energy": 127.68703972190126,
  "scf_xc_energy": -19.566103580206512,
  "scf_dispersion_correction_energy": -0.00108129,
  "scf_dipole_moment": [
   0.0,
   0.0,
   6.771952021367156e-08
  ],
  "scf_total_energy": -244.06053591671196,
  "scf_iterations": 7
 },
 "wavefunction": null,
 "return_result": -244.06053591671196,
 "stdout": "\n    -----------------------------------------------------------------------\n          Psi4: An Open-Source Ab Initio Electronic Structure Package\n                               Psi4 1.4a2.dev923 \n\n                         Git: Rev {master} 5de566e \n\n\n    D. G. A. Smith, L. A. Burns, A. C. Simmonett, R. M. Parrish,\n    M. C. Schieber, R. Galvelis, P. Kraus, H. Kruse, R. Di Remigio,\n    A. Alenaizan, A. M. James, S. Lehtola, J. P. Misiewicz, M. Scheurer,\n    R. A. Shaw, J. B. Schriber, Y. Xie, Z. L. Glick, D. A. Sirianni,\n    J. S. O'Brien, J. M. Waldrop, A. Kumar, E. G. Hohenstein,\n    B. P. Pritchard, B. R. Brooks, H. F. Schaefer III, A. Yu. Sokolov,\n    K. Patkowski, A. E. DePrince III, U. Bozkaya, R. A. King,\n    F. A. Evangelista, J. M. Turney, T. D. Crawford, C. D. Sherrill,\n    J. Chem. Phys. 152(18) 184108 (2020). https://doi.org/10.1063/5.0006002\n\n                            Additional Code Authors\n    E. T. Seidl, C. L. Janssen, E. F. Valeev, M. L. Leininger,\n    J. F. Gonthier, R. M. Richard, H. R. McAlexander, M. Saitow, X. Wang,\n    P. Verma, and M. H. Lechner\n\n             Previous Authors, Complete List of Code Contributors,\n                       and Citations for Specific Modules\n    https://github.com/psi4/psi4/blob/master/codemeta.json\n    https://github.com/psi4/psi4/graphs/contributors\n    http://psicode.org/psi4manual/master/introduction.html#citing-psifour\n\n    -----------------------------------------------------------------------\n\n\n    Psi4 started on: Wednesday, 28 October 2020 10:25PM\n\n    Process ID: 1870228\n    Host:       bignimbus\n    PSIDATADIR: /home/ubuntu/pk/Applications/miniconda3/envs/psi4-1.4a2.dev923/share/psi4\n    Memory:     22.4 GiB\n    Threads:    16\n    \n  ==> Input QCSchema <==\n\n--------------------------------------------------------------------------\n{'driver': 'energy',\n 'extras': {},\n 'id': None,\n 'keywords': {'dft_radial_points': 150, 'dft_spherical_points': 974, 'guess': 'SAP', 'reference': 'RKS'},\n 'model': {'basis': 'def2-qzvpd', 'method': 'pbe-d3bj'},\n 'molecule': {'fix_com': False,\n              'fix_orientation': False,\n              'geometry': [0.0, 0.0, 0.0, -1.49789406, 2.59442843, 0.0, -1.49789406, -2.59442843, 0.0, 2.99578793, 0.0,\n                           0.0],\n              'molecular_charge': 0.0,\n              'molecular_multiplicity': 1,\n              'name': 'AlH3',\n              'provenance': {'creator': 'QCElemental',\n                             'routine': 'qcelemental.molparse.from_schema',\n                             'version': 'v0.17.0'},\n              'schema_name': 'qcschema_molecule',\n              'schema_version': 2,\n              'symbols': ['Al', 'H', 'H', 'H'],\n              'validated': True},\n 'protocols': {},\n 'provenance': {'creator': 'QCElemental', 'routine': 'qcelemental.models.results', 'version': 'v0.17.0'},\n 'schema_name': 'qcschema_input',\n 'schema_version': 1}\n--------------------------------------------------------------------------\n\nScratch directory: /tmp/tmpwto3ypqi_psi_scratch/\n\n*** tstart() called on bignimbus\n*** at Wed Oct 28 22:25:30 2020\n\n   => Loading Basis Set <=\n\n    Name: DEF2-QZVPD\n    Role: ORBITAL\n    Keyword: BASIS\n    atoms 1   entry AL         line   582 file /home/ubuntu/pk/Applications/miniconda3/envs/psi4-1.4a2.dev923/share/psi4/basis/def2-qzvpd.gbs \n    atoms 2-4 entry H          line    14 file /home/ubuntu/pk/Applications/miniconda3/envs/psi4-1.4a2.dev923/share/psi4/basis/def2-qzvpd.gbs \n\n   => PBE-D3(BJ): Empirical Dispersion <=\n\n    Grimme's -D3 (BJ-damping) Dispersion Correction\n    Grimme S.; Ehrlich S.; Goerigk L. (2011), J. Comput. Chem., 32: 1456\n\n        s6 =       1.000000\n        s8 =       0.787500\n        a1 =       0.428900\n        a2 =       4.440700\n\n\n         ---------------------------------------------------------\n                                   SCF\n               by Justin Turney, Rob Parrish, Andy Simmonett\n                          and Daniel G. A. Smith\n                              RKS Reference\n                       16 Threads,  22888 MiB Core\n         ---------------------------------------------------------\n\n  ==> Geometry <==\n\n    Molecular point group: c2v\n    Full point group: C2v\n\n    Geometry (in Bohr), charge = 0, multiplicity = 1:\n\n       Center              X                  Y                   Z               Mass       \n    ------------   -----------------  -----------------  -----------------  -----------------\n         AL           0.000000000000     0.000000000000     0.000000006382    26.981538530000\n         H            0.000000000000    -2.594428430000    -1.497894053618     1.007825032230\n         H           -0.000000000000     2.594428430000    -1.497894053618     1.007825032230\n         H            0.000000000000     