{
 "id": null,
 "schema_name": "qcschema_output",
 "schema_version": 1,
 "molecule": {
  "schema_name": "qcschema_molecule",
  "schema_version": 2,
  "validated": true,
  "symbols": [
   "C",
   "H",
   "O",
   "H",
   "H",
   "N"
  ],
  "geometry": [
   0.07772541738790253,
   0.9814178538469102,
   0.0,
   0.14907769738790255,
   3.0335111338469103,
   0.0,
   -2.0001909726120974,
   -0.2607501561530899,
   0.0,
   3.7988399373879025,
   -0.1463291261530899,
   0.0,
   -0.17139151261209745,
   -1.99306965615309,
   0.0,
   1.9462941673879024,
   -0.6075413561530899,
   0.0
  ],
  "name": "CH3NO",
  "molecular_charge": 0.0,
  "molecular_multiplicity": 1,
  "fix_com": false,
  "fix_orientation": false,
  "provenance": {
   "creator": "QCElemental",
   "version": "v0.17.0",
   "routine": "qcelemental.molparse.from_schema"
  }
 },
 "driver": "energy",
 "model": {
  "method": "pbe0-d3bj",
  "basis": "aug-cc-pvdz"
 },
 "keywords": {
  "reference": "RKS",
  "dft_spherical_points": 974,
  "dft_radial_points": 150,
  "guess": "SAP"
 },
 "protocols": {},
 "extras": {
  "qcvars": {
   "2-BODY DISPERSION CORRECTION ENERGY": -0.00208663,
   "CURRENT DIPOLE X": 2.3501535516249703,
   "CURRENT DIPOLE Y": 1.3337553860588074,
   "CURRENT DIPOLE Z": 0.0,
   "CURRENT ENERGY": -169.66344464308045,
   "CURRENT REFERENCE ENERGY": -169.66344464308045,
   "DFT FUNCTIONAL TOTAL ENERGY": -169.66135801308045,
   "DFT TOTAL ENERGY": -169.66344464308045,
   "DFT VV10 ENERGY": 0.0,
   "DFT XC ENERGY": -16.545675435753527,
   "DISPERSION CORRECTION ENERGY": -0.00208663,
   "NUCLEAR REPULSION ENERGY": 72.9403683365595,
   "ONE-ELECTRON ENERGY": -375.04482005288014,
   "PBE0-D3(BJ) DISPERSION CORRECTION ENERGY": -0.00208663,
   "PCM POLARIZATION ENERGY": 0.0,
   "PE ENERGY": 0.0,
   "SCF DIPOLE X": 2.3501535516249703,
   "SCF DIPOLE Y": 1.3337553860588074,
   "SCF DIPOLE Z": 0.0,
   "SCF ITERATION ENERGY": -169.66344464308045,
   "SCF ITERATIONS": 10.0,
   "SCF TOTAL ENERGY": -169.66344464308045,
   "TWO-ELECTRON ENERGY": 148.98876913899372,
   "XC GRID RADIAL POINTS": 150.0,
   "XC GRID SPHERICAL POINTS": 974.0,
   "XC GRID TOTAL POINTS": 841760.0,
   "CURRENT DIPOLE": [
    0.9246215529770045,
    0.5247397454078915,
    0.0
   ],
   "SCF DIPOLE": [
    0.9246215529770045,
    0.5247397454078915,
    0.0
   ]
  }
 },
 "provenance": {
  "creator": "Psi4",
  "version": "1.4a2.dev923",
  "routine": "psi4.schema_runner.run_qcschema",
  "hostname": "bignimbus",
  "cpu": "AMD EPYC Processor (with IBPB)",
  "nthreads": 16,
  "wall_time": 12.927362442016602,
  "username": "ubuntu",
  "qcengine_version": "v0.17.0",
  "memory": 24.0
 },
 "properties": {
  "calcinfo_nbasis": 96,
  "calcinfo_nmo": 96,
  "calcinfo_nalpha": 12,
  "calcinfo_nbeta": 12,
  "calcinfo_natom": 6,
  "nuclear_repulsion_energy": 72.9403683365595,
  "return_energy": -169.66344464308045,
  "scf_one_electron_energy": -375.04482005288014,
  "scf_two_electron_energy": 148.98876913899372,
  "scf_xc_energy": -16.545675435753527,
  "scf_dispersion_correction_energy": -0.00208663,
  "scf_dipole_moment": [
   0.9246215529770045,
   0.5247397454078915,
   0.0
  ],
  "scf_total_energy": -169.66344464308045,
  "scf_iterations": 10
 },
 "wavefunction": null,
 "return_result": -169.66344464308045,
 "stdout": "\n    -----------------------------------------------------------------------\n          Psi4: An Open-Source Ab Initio Electronic Structure Package\n                               Psi4 1.4a2.dev923 \n\n                         Git: Rev {master} 5de566e \n\n\n    D. G. A. Smith, L. A. Burns, A. C. Simmonett, R. M. Parrish,\n    M. C. Schieber, R. Galvelis, P. Kraus, H. Kruse, R. Di Remigio,\n    A. Alenaizan, A. M. James, S. Lehtola, J. P. Misiewicz, M. Scheurer,\n    R. A. Shaw, J. B. Schriber, Y. Xie, Z. L. Glick, D. A. Sirianni,\n    J. S. O'Brien, J. M. Waldrop, A. Kumar, E. G. Hohenstein,\n    B. P. Pritchard, B. R. Brooks, H. F. Schaefer III, A. Yu. Sokolov,\n    K. Patkowski, A. E. DePrince III, U. Bozkaya, R. A. King,\n    F. A. Evangelista, J. M. Turney, T. D. Crawford, C. D. Sherrill,\n    J. Chem. Phys. 152(18) 184108 (2020). https://doi.org/10.1063/5.0006002\n\n                            Additional Code Authors\n    E. T. Seidl, C. L. Janssen, E. F. Valeev, M. L. Leininger,\n    J. F. Gonthier, R. M. Richard, H. R. McAlexander, M. Saitow, X. Wang,\n    P. Verma, and M. H. Lechner\n\n             Previous Authors, Complete List of Code Contributors,\n                       and Citations for Specific Modules\n    https://github.com/psi4/psi4/blob/master/codemeta.json\n    https://github.com/psi4/psi4/graphs/contributors\n    http://psicode.org/psi4manual/master/introduction.html#citing-psifour\n\n    -----------------------------------------------------------------------\n\n\n    Psi4 started on: Friday, 30 October 2020 01:10AM\n\n    Process ID: 2045560\n    Host:       bignimbus\n    PSIDATADIR: /home/ubuntu/pk/Applications/miniconda3/envs/psi4-1.4a2.dev923/share/psi4\n    Memory:     22.4 GiB\n    Threads:    16\n    \n  ==> Input QCSchema <==\n\n--------------------------------------------------------------------------\n{'driver': 'energy',\n 'extras': {},\n 'id': None,\n 'keywords': {'dft_radial_points': 150, 'dft_spherical_points': 974, 'guess': 'SAP', 'reference': 'RKS'},\n 'model': {'basis': 'aug-cc-pvdz', 'method': 'pbe0-d3bj'},\n 'molecule': {'fix_com': False,\n              'fix_orientation': False,\n              'geometry': [0.0, 0.96292507, 0.0, 0.07135228, 3.01501835, 0.0, -2.07791639, -0.27924294, 0.0, 3.72111452,\n                           -0.16482191, 0.0, -0.24911693, -2.01156244, 0.0, 1.86856875, -0.62603414, 0.0],\n              'molecular_charge': 0.0,\n              'molecular_multiplicity': 1,\n              'name': 'CH3NO',\n              'provenance': {'creator': 'QCElemental',\n                             'routine': 'qcelemental.molparse.from_schema',\n                             'version': 'v0.17.0'},\n              'schema_name': 'qcschema_molecule',\n              'schema_version': 2,\n              'symbols': ['C', 'H', 'O', 'H', 'H', 'N'],\n              'validated': True},\n 'protocols': {},\n 'provenance': {'creator': 'QCElemental', 'routine': 'qcelemental.models.results', 'version': 'v0.17.0'},\n 'schema_name': 'qcschema_input',\n 'schema_version': 1}\n--------------------------------------------------------------------------\n\nScratch directory: /tmp/tmpmupcdlso_psi_scratch/\n\n*** tstart() called on bignimbus\n*** at Fri Oct 30 01:10:03 2020\n\n   => Loading Basis Set <=\n\n    Name: AUG-CC-PVDZ\n    Role: ORBITAL\n    Keyword: BASIS\n    atoms 1      entry C          line   182 file /home/ubuntu/pk/Applications/miniconda3/envs/psi4-1.4a2.dev923/share/psi4/basis/aug-cc-pvdz.gbs \n    atoms 2, 4-5 entry H          line    40 file /home/ubuntu/pk/Applications/miniconda3/envs/psi4-1.4a2.dev923/share/psi4/basis/aug-cc-pvdz.gbs \n    atoms 3      entry O          line   254 file /home/ubuntu/pk/Applications/miniconda3/envs/psi4-1.4a2.dev923/share/psi4/basis/aug-cc-pvdz.gbs \n    atoms 6      entry N          line   218 file /home/ubuntu/pk/Applications/miniconda3/envs/psi4-1.4a2.dev923/share/psi4/basis/aug-cc-pvdz.gbs \n\n   => PBE0-D3(BJ): Empirical Dispersion <=\n\n    Grimme's -D3 (BJ-damping) Dispersion Correction\n    Grimme S.; Ehrlich S.; Goerigk L. (2011), J. Comput. Chem., 32: 1456\n\n        s6 =       1.000000\n        s8 =       1.217700\n        a1 =       0.414500\n        a2 =       4.859300\n\n\n         ---------------------------------------------------------\n                                   SCF\n               by Justin Turney, Rob Parrish, Andy Simmonett\n                          and Daniel G. A. Smith\n                              RKS Reference\n                       16 Threads,  22888 MiB Core\n         ---------------------------------------------------------\n\n  ==> Geometry <==\n\n    Molecular point group: cs\n    Full point group: Cs\n\n    