{
 "id": null,
 "schema_name": "qcschema_output",
 "schema_version": 1,
 "molecule": {
  "schema_name": "qcschema_molecule",
  "schema_version": 2,
  "validated": true,
  "symbols": [
   "O",
   "H",
   "H"
  ],
  "geometry": [
   -0.11888852507897824,
   0.05700079804362249,
   0.0,
   1.568122560079547,
   0.8730935981759061,
   0.0,
   0.3187246079027674,
   -1.7777376274452796,
   0.0
  ],
  "name": "H2O",
  "molecular_charge": 0.0,
  "molecular_multiplicity": 1,
  "fix_com": false,
  "fix_orientation": false,
  "provenance": {
   "creator": "QCElemental",
   "version": "v0.17.0",
   "routine": "qcelemental.molparse.from_schema"
  }
 },
 "driver": "energy",
 "model": {
  "method": "pbe0-dh-d3bj",
  "basis": "def2-svp"
 },
 "keywords": {
  "reference": "RKS",
  "dft_spherical_points": 974,
  "dft_radial_points": 150,
  "guess": "SAP"
 },
 "protocols": {},
 "extras": {
  "qcvars": {
   "2-BODY DISPERSION CORRECTION ENERGY": -0.00023693,
   "CURRENT DIPOLE X": 1.9226616694591996,
   "CURRENT DIPOLE Y": -0.9168312751437222,
   "CURRENT DIPOLE Z": 0.0,
   "CURRENT ENERGY": -76.26784235422592,
   "CURRENT REFERENCE ENERGY": -76.23689528265119,
   "DFT FUNCTIONAL TOTAL ENERGY": -76.2366583526512,
   "DFT TOTAL ENERGY": -76.26784235422592,
   "DFT VV10 ENERGY": 0.0,
   "DFT XC ENERGY": -4.742382868256851,
   "DISPERSION CORRECTION ENERGY": -0.00023693,
   "DOUBLE-HYBRID CORRECTION ENERGY": -0.030947071574730742,
   "NUCLEAR REPULSION ENERGY": 8.85141684586099,
   "ONE-ELECTRON ENERGY": -122.47642690563654,
   "PBE0-DH-D3(BJ) DISPERSION CORRECTION ENERGY": -0.00023693,
   "PBE0-DH-D3BJ DOUBLE-HYBRID CORRECTION ENERGY": -0.030947071574730742,
   "PBE0-DH-D3BJ TOTAL ENERGY": -76.26784235422592,
   "PCM POLARIZATION ENERGY": 0.0,
   "PE ENERGY": 0.0,
   "SCF DIPOLE X": 1.9226616694591996,
   "SCF DIPOLE Y": -0.9168312751437222,
   "SCF DIPOLE Z": 0.0,
   "SCF ITERATION ENERGY": -76.23689528265119,
   "SCF ITERATIONS": 7.0,
   "SCF TOTAL ENERGY": -76.23689528265119,
   "TWO-ELECTRON ENERGY": 42.1307345753812,
   "XC GRID RADIAL POINTS": 150.0,
   "XC GRID SPHERICAL POINTS": 974.0,
   "XC GRID TOTAL POINTS": 423341.0,
   "CURRENT DIPOLE": [
    0.7564333051495906,
    -0.36070917870669944,
    0.0
   ],
   "SCF DIPOLE": [
    0.7564333051495906,
    -0.36070917870669944,
    0.0
   ]
  }
 },
 "provenance": {
  "creator": "Psi4",
  "version": "1.4a2.dev923",
  "routine": "psi4.schema_runner.run_qcschema",
  "cpu": "AMD EPYC Processor (with IBPB)",
  "nthreads": 16,
  "username": "ubuntu",
  "memory": 24.0,
  "wall_time": 7.869386196136475,
  "qcengine_version": "v0.17.0",
  "hostname": "bignimbus"
 },
 "properties": {
  "calcinfo_nbasis": 24,
  "calcinfo_nmo": 24,
  "calcinfo_nalpha": 5,
  "calcinfo_nbeta": 5,
  "calcinfo_natom": 3,
  "nuclear_repulsion_energy": 8.85141684586099,
  "return_energy": -76.26784235422592,
  "scf_one_electron_energy": -122.47642690563654,
  "scf_two_electron_energy": 42.1307345753812,
  "scf_xc_energy": -4.742382868256851,
  "scf_dispersion_correction_energy": -0.00023693,
  "scf_dipole_moment": [
   0.7564333051495906,
   -0.36070917870669944,
   0.0
  ],
  "scf_total_energy": -76.23689528265119,
  "scf_iterations": 7
 },
 "wavefunction": null,
 "return_result": -76.26784235422592,
 "stdout": "\n    -----------------------------------------------------------------------\n          Psi4: An Open-Source Ab Initio Electronic Structure Package\n                               Psi4 1.4a2.dev923 \n\n                         Git: Rev {master} 5de566e \n\n\n    D. G. A. Smith, L. A. Burns, A. C. Simmonett, R. M. Parrish,\n    M. C. Schieber, R. Galvelis, P. Kraus, H. Kruse, R. Di Remigio,\n    A. Alenaizan, A. M. James, S. Lehtola, J. P. Misiewicz, M. Scheurer,\n    R. A. Shaw, J. B. Schriber, Y. Xie, Z. L. Glick, D. A. Sirianni,\n    J. S. O'Brien, J. M. Waldrop, A. Kumar, E. G. Hohenstein,\n    B. P. Pritchard, B. R. Brooks, H. F. Schaefer III, A. Yu. Sokolov,\n    K. Patkowski, A. E. DePrince III, U. Bozkaya, R. A. King,\n    F. A. Evangelista, J. M. Turney, T. D. Crawford, C. D. Sherrill,\n    J. Chem. Phys. 152(18) 184108 (2020). https://doi.org/10.1063/5.0006002\n\n                            Additional Code Authors\n    E. T. Seidl, C. L. Janssen, E. F. Valeev, M. L. Leininger,\n    J. F. Gonthier, R. M. Richard, H. R. McAlexander, M. Saitow, X. Wang,\n    P. Verma, and M. H. Lechner\n\n             Previous Authors, Complete List of Code Contributors,\n                       and Citations for Specific Modules\n    https://github.com/psi4/psi4/blob/master/codemeta.json\n    https://github.com/psi4/psi4/graphs/contributors\n    http://psicode.org/psi4manual/master/introduction.html#citing-psifour\n\n    -----------------------------------------------------------------------\n\n\n    Psi4 started on: Saturday, 31 October 2020 02:42PM\n\n    Process ID: 2215979\n    Host:       bignimbus\n    PSIDATADIR: /home/ubuntu/pk/Applications/miniconda3/envs/psi4-1.4a2.dev923/share/psi4\n    Memory:     22.4 GiB\n    Threads:    16\n    \n  ==> Input QCSchema <==\n\n--------------------------------------------------------------------------\n{'driver': 'energy',\n 'extras': {},\n 'id': None,\n 'keywords': {'dft_radial_points': 150, 'dft_spherical_points': 974, 'guess': 'SAP', 'reference': 'RKS'},\n 'model': {'basis': 'def2-svp', 'method': 'pbe0-dh-d3bj'},\n 'molecule': {'fix_com': False,\n              'fix_orientation': False,\n              'geometry': [1.18142276, -3.01247478, 0.02639192, 1.99967039, -2.19752661, -1.44952954, 1.29760312,\n                           -4.84463985, -0.40655568],\n              'molecular_charge': 0.0,\n              'molecular_multiplicity': 1,\n              'name': 'H2O',\n              'provenance': {'creator': 'QCElemental',\n                             'routine': 'qcelemental.molparse.from_schema',\n                             'version': 'v0.17.0'},\n              'schema_name': 'qcschema_molecule',\n              'schema_version': 2,\n              'symbols': ['O', 'H', 'H'],\n              'validated': True},\n 'protocols': {},\n 'provenance': {'creator': 'QCElemental', 'routine': 'qcelemental.models.results', 'version': 'v0.17.0'},\n 'schema_name': 'qcschema_input',\n 'schema_version': 1}\n--------------------------------------------------------------------------\n\nScratch directory: /tmp/tmpkq5ibldm_psi_scratch/\n\n*** tstart() called on bignimbus\n*** at Sat Oct 31 14:42:56 2020\n\n   => Loading Basis Set <=\n\n    Name: DEF2-SVP\n    Role: ORBITAL\n    Keyword: BASIS\n    atoms 1   entry O          line   130 file /home/ubuntu/pk/Applications/miniconda3/envs/psi4-1.4a2.dev923/share/psi4/basis/def2-svp.gbs \n    atoms 2-3 entry H          line    15 file /home/ubuntu/pk/Applications/miniconda3/envs/psi4-1.4a2.dev923/share/psi4/basis/def2-svp.gbs \n\n   => PBE0-DH-D3(BJ): Empirical Dispersion <=\n\n    Grimme's -D3 (BJ-damping) Dispersion Correction\n    Grimme S.; Ehrlich S.; Goerigk L. (2011), J. Comput. Chem., 32: 1456\n    Parametrisation from:    D. Bousquet, E. Bremond, J. C. Sancho-Garcia, I. Ciofini, C. Adamo, Theor. Chem. Acc. 134, 1602, 2015\n\n        s6 =       0.840000\n        s8 =       0.095000\n        a1 =       0.000000\n        a2 =       6.102000\n\n\n         ---------------------------------------------------------\n                                   SCF\n               by Justin Turney, Rob Parrish, Andy Simmonett\n                          and Daniel G. A. Smith\n                              RKS Reference\n                       16 Threads,  22888 MiB Core\n         ---------------------------------------------------------\n\n  ==> Geometry <==\n\n    Molecular point group: cs\n    Full point group: Cs\n\n    Geometry (in Bohr), charge = 0, multiplicity = 1:\n\n       Center              X                  Y                   Z               Mass       \n    ------------   -----------------  -----------------  -----------------  -----------------\n         O           