{
 "id": null,
 "schema_name": "qcschema_output",
 "schema_version": 1,
 "molecule": {
  "schema_name": "qcschema_molecule",
  "schema_version": 2,
  "validated": true,
  "symbols": [
   "C",
   "C",
   "O",
   "N",
   "H",
   "H",
   "H",
   "H",
   "H"
  ],
  "geometry": [
   -1.4446580271527303,
   2.3295785439347823,
   -0.12071035004354158,
   0.1123232328472703,
   -0.062387656065218344,
   -0.06865785004353953,
   2.2420823728472676,
   -0.13498337606521815,
   -1.0840795100435408,
   -0.857546577152732,
   -2.029626566065218,
   1.1679751499564581,
   0.22524949284726858,
   -3.5785897160652183,
   1.5658135199564605,
   -2.6120420071527306,
   -1.9037424660652187,
   1.9668984399564593,
   -1.0098887371527319,
   3.404226103934781,
   1.5861148499564592,
   -3.4663777371527296,
   1.9558795339347812,
   -0.13605871004354242,
   -0.9414806471527299,
   3.4697996039347823,
   -1.7511207000435398
  ],
  "name": "C2H5NO",
  "molecular_charge": 0.0,
  "molecular_multiplicity": 1,
  "fix_com": false,
  "fix_orientation": false,
  "provenance": {
   "creator": "QCElemental",
   "version": "v0.16.0",
   "routine": "qcelemental.molparse.from_schema"
  }
 },
 "driver": "energy",
 "model": {
  "method": "pbe-d3bj",
  "basis": "cc-pvdz"
 },
 "keywords": {
  "reference": "RKS",
  "dft_spherical_points": 974,
  "dft_radial_points": 150,
  "guess": "SAP"
 },
 "protocols": {},
 "extras": {
  "qcvars": {
   "2-BODY DISPERSION CORRECTION ENERGY": -0.00518394,
   "CURRENT DIPOLE X": -3.0944178106355844,
   "CURRENT DIPOLE Y": -0.754356077739432,
   "CURRENT DIPOLE Z": 2.1891127151741525,
   "CURRENT ENERGY": -208.97953262691917,
   "CURRENT REFERENCE ENERGY": -208.97953262691917,
   "DFT FUNCTIONAL TOTAL ENERGY": -208.97434868691917,
   "DFT TOTAL ENERGY": -208.97953262691917,
   "DFT VV10 ENERGY": 0.0,
   "DFT XC ENERGY": -27.989035674002057,
   "DISPERSION CORRECTION ENERGY": -0.00518394,
   "NUCLEAR REPULSION ENERGY": 121.57650262317162,
   "ONE-ELECTRON ENERGY": -524.6478468529681,
   "PBE-D3(BJ) DISPERSION CORRECTION ENERGY": -0.00518394,
   "PCM POLARIZATION ENERGY": 0.0,
   "PE ENERGY": 0.0,
   "SCF DIPOLE X": -3.0944178106355844,
   "SCF DIPOLE Y": -0.754356077739432,
   "SCF DIPOLE Z": 2.1891127151741525,
   "SCF ITERATION ENERGY": -208.97953262691917,
   "SCF ITERATIONS": 10.0,
   "SCF TOTAL ENERGY": -208.97953262691917,
   "TWO-ELECTRON ENERGY": 222.08603121687935,
   "XC GRID RADIAL POINTS": 150.0,
   "XC GRID SPHERICAL POINTS": 974.0,
   "XC GRID TOTAL POINTS": 1234456.0,
   "CURRENT DIPOLE": [
    -1.2174376434472873,
    -0.2967865174659785,
    0.8612632127575259
   ],
   "SCF DIPOLE": [
    -1.2174376434472873,
    -0.2967865174659785,
    0.8612632127575259
   ]
  }
 },
 "provenance": {
  "creator": "Psi4",
  "version": "1.4a2.dev923",
  "routine": "psi4.schema_runner.run_qcschema",
  "qcengine_version": "v0.16.0",
  "memory": 120.0,
  "cpu": "Intel(R) Xeon(R) CPU E5-2680 v4 @ 2.40GHz",
  "username": "kraus",
  "nthreads": 28,
  "wall_time": 17.112728118896484,
  "hostname": "z060"
 },
 "properties": {
  "calcinfo_nbasis": 81,
  "calcinfo_nmo": 81,
  "calcinfo_nalpha": 16,
  "calcinfo_nbeta": 16,
  "calcinfo_natom": 9,
  "nuclear_repulsion_energy": 121.57650262317162,
  "return_energy": -208.97953262691917,
  "scf_one_electron_energy": -524.6478468529681,
  "scf_two_electron_energy": 222.08603121687935,
  "scf_xc_energy": -27.989035674002057,
  "scf_dispersion_correction_energy": -0.00518394,
  "scf_dipole_moment": [
   -1.2174376434472873,
   -0.2967865174659785,
   0.8612632127575259
  ],
  "scf_total_energy": -208.97953262691917,
  "scf_iterations": 10
 },
 "wavefunction": null,
 "return_result": -208.97953262691917,
 "stdout": "\n    -----------------------------------------------------------------------\n          Psi4: An Open-Source Ab Initio Electronic Structure Package\n                               Psi4 1.4a2.dev923 \n\n                         Git: Rev {master} 5de566e \n\n\n    D. G. A. Smith, L. A. Burns, A. C. Simmonett, R. M. Parrish,\n    M. C. Schieber, R. Galvelis, P. Kraus, H. Kruse, R. Di Remigio,\n    A. Alenaizan, A. M. James, S. Lehtola, J. P. Misiewicz, M. Scheurer,\n    R. A. Shaw, J. B. Schriber, Y. Xie, Z. L. Glick, D. A. Sirianni,\n    J. S. O'Brien, J. M. Waldrop, A. Kumar, E. G. Hohenstein,\n    B. P. Pritchard, B. R. Brooks, H. F. Schaefer III, A. Yu. Sokolov,\n    K. Patkowski, A. E. DePrince III, U. Bozkaya, R. A. King,\n    F. A. Evangelista, J. M. Turney, T. D. Crawford, C. D. Sherrill,\n    J. Chem. Phys. 152(18) 184108 (2020). https://doi.org/10.1063/5.0006002\n\n                            Additional Code Authors\n    E. T. Seidl, C. L. Janssen, E. F. Valeev, M. L. Leininger,\n    J. F. Gonthier, R. M. Richard, H. R. McAlexander, M. Saitow, X. Wang,\n    P. Verma, and M. H. Lechner\n\n             Previous Authors, Complete List of Code Contributors,\n                       and Citations for Specific Modules\n    https://github.com/psi4/psi4/blob/master/codemeta.json\n    https://github.com/psi4/psi4/graphs/contributors\n    http://psicode.org/psi4manual/master/introduction.html#citing-psifour\n\n    -----------------------------------------------------------------------\n\n\n    Psi4 started on: Saturday, 12 September 2020 05:13PM\n\n    Process ID: 21412\n    Host:       z060\n    PSIDATADIR: /group/f97/kraus/miniconda3/envs/psi4-1.4a2.dev923/share/psi4\n    Memory:     111.8 GiB\n    Threads:    28\n    \n  ==> Input QCSchema <==\n\n--------------------------------------------------------------------------\n{'driver': 'energy',\n 'extras': {},\n 'id': None,\n 'keywords': {'dft_radial_points': 150, 'dft_spherical_points': 974, 'guess': 'SAP', 'reference': 'RKS'},\n 'model': {'basis': 'cc-pvdz', 'method': 'pbe-d3bj'},\n 'molecule': {'fix_com': False,\n              'fix_orientation': False,\n              'geometry': [23.61575243, 8.72461608, 21.1937018, 25.17273369, 6.33264988, 21.2457543, 27.30249283,\n                           6.26005416, 20.23033264, 24.20286388, 4.36541097, 22.4823873, 25.28565995, 2.81644782,\n                           22.88022567, 22.44836845, 4.49129507, 23.28131059, 24.05052172, 9.79926364, 22.900527,\n                           21.59403272, 8.35091707, 21.17835344, 24.11892981, 9.86483714, 19.56329145],\n              'molecular_charge': 0.0,\n              'molecular_multiplicity': 1,\n              'name': 'C2H5NO',\n              'provenance': {'creator': 'QCElemental',\n                             'routine': 'qcelemental.molparse.from_schema',\n                             'version': 'v0.16.0'},\n              'schema_name': 'qcschema_molecule',\n              'schema_version': 2,\n              'symbols': ['C', 'C', 'O', 'N', 'H', 'H', 'H', 'H', 'H'],\n              'validated': True},\n 'protocols': {},\n 'provenance': {'creator': 'QCElemental', 'routine': 'qcelemental.models.results', 'version': 'v0.16.0'},\n 'schema_name': 'qcschema_input',\n 'schema_version': 1}\n--------------------------------------------------------------------------\n\nScratch directory: /tmp/tmp6e9_3czd_psi_scratch/\n\n*** tstart() called on z060\n*** at Sat Sep 12 17:13:44 2020\n\n   => Loading Basis Set <=\n\n    Name: CC-PVDZ\n    Role: ORBITAL\n    Keyword: BASIS\n    atoms 1-2 entry C          line   138 file /group/f97/kraus/miniconda3/envs/psi4-1.4a2.dev923/share/psi4/basis/cc-pvdz.gbs \n    atoms 3   entry O          line   198 file /group/f97/kraus/miniconda3/envs/psi4-1.4a2.dev923/share/psi4/basis/cc-pvdz.gbs \n    atoms 4   entry N          line   168 file /group/f97/kraus/miniconda3/envs/psi4-1.4a2.dev923/share/psi4/basis/cc-pvdz.gbs \n    atoms 5-9 entry H          line    22 file /group/f97/kraus/miniconda3/envs/psi4-1.4a2.dev923/share/psi4/basis/cc-pvdz.gbs \n\n   => PBE-D3(BJ): Empirical Dispersion <=\n\n    Grimme's -D3 (BJ-damping) Dispersion Correction\n    Grimme S.; Ehrlich S.; Goerigk L. (2011), J. Comput. Chem., 32: 1456\n\n        s6 =       1.000000\n        s8 =    