{
 "id": null,
 "schema_name": "qcschema_output",
 "schema_version": 1,
 "molecule": {
  "schema_name": "qcschema_molecule",
  "schema_version": 2,
  "validated": true,
  "symbols": [
   "Cl",
   "H",
   "O"
  ],
  "geometry": [
   0.017930838805427358,
   -1.4948322397133766,
   0.0,
   -0.9067279211945727,
   1.1258079502866234,
   0.0,
   0.017930838805427358,
   3.1971381002866233,
   0.0
  ],
  "name": "ClHO",
  "molecular_charge": 0.0,
  "molecular_multiplicity": 3,
  "fix_com": false,
  "fix_orientation": false,
  "provenance": {
   "creator": "QCElemental",
   "version": "v0.17.0",
   "routine": "qcelemental.molparse.from_schema"
  }
 },
 "driver": "energy",
 "model": {
  "method": "pbe0-d3bj",
  "basis": "aug-cc-pvdz"
 },
 "keywords": {
  "reference": "UKS",
  "dft_spherical_points": 974,
  "dft_radial_points": 150,
  "guess": "SAP"
 },
 "protocols": {},
 "extras": {
  "qcvars": {
   "2-BODY DISPERSION CORRECTION ENERGY": -0.00079947,
   "CURRENT DIPOLE X": -0.6017734783221351,
   "CURRENT DIPOLE Y": 0.5990734964166704,
   "CURRENT DIPOLE Z": 0.0,
   "CURRENT ENERGY": -535.6567583259371,
   "CURRENT REFERENCE ENERGY": -535.6567583259371,
   "DFT FUNCTIONAL TOTAL ENERGY": -535.6559588559371,
   "DFT TOTAL ENERGY": -535.6567583259371,
   "DFT VV10 ENERGY": 0.0,
   "DFT XC ENERGY": -27.824350176882547,
   "DISPERSION CORRECTION ENERGY": -0.00079947,
   "NUCLEAR REPULSION ENERGY": 38.62983115926911,
   "ONE-ELECTRON ENERGY": -815.789377630319,
   "PBE0-D3(BJ) DISPERSION CORRECTION ENERGY": -0.00079947,
   "PCM POLARIZATION ENERGY": 0.0,
   "PE ENERGY": 0.0,
   "SCF DIPOLE X": -0.6017734783221351,
   "SCF DIPOLE Y": 0.5990734964166704,
   "SCF DIPOLE Z": 0.0,
   "SCF ITERATION ENERGY": -535.6567583259371,
   "SCF ITERATIONS": 16.0,
   "SCF TOTAL ENERGY": -535.6567583259371,
   "TWO-ELECTRON ENERGY": 269.3279377919953,
   "XC GRID RADIAL POINTS": 150.0,
   "XC GRID SPHERICAL POINTS": 974.0,
   "XC GRID TOTAL POINTS": 425758.0,
   "CURRENT DIPOLE": [
    -0.2367559037501465,
    0.23569364913247928,
    0.0
   ],
   "SCF DIPOLE": [
    -0.2367559037501465,
    0.23569364913247928,
    0.0
   ]
  }
 },
 "provenance": {
  "creator": "Psi4",
  "version": "1.4a2.dev923",
  "routine": "psi4.schema_runner.run_qcschema",
  "memory": 24.0,
  "nthreads": 16,
  "cpu": "AMD EPYC Processor (with IBPB)",
  "qcengine_version": "v0.17.0",
  "wall_time": 29.368408203125,
  "hostname": "bignimbus",
  "username": "ubuntu"
 },
 "properties": {
  "calcinfo_nbasis": 59,
  "calcinfo_nmo": 59,
  "calcinfo_nalpha": 14,
  "calcinfo_nbeta": 12,
  "calcinfo_natom": 3,
  "nuclear_repulsion_energy": 38.62983115926911,
  "return_energy": -535.6567583259371,
  "scf_one_electron_energy": -815.789377630319,
  "scf_two_electron_energy": 269.3279377919953,
  "scf_xc_energy": -27.824350176882547,
  "scf_dispersion_correction_energy": -0.00079947,
  "scf_dipole_moment": [
   -0.2367559037501465,
   0.23569364913247928,
   0.0
  ],
  "scf_total_energy": -535.6567583259371,
  "scf_iterations": 16
 },
 "wavefunction": null,
 "return_result": -535.6567583259371,
 "stdout": "\n    -----------------------------------------------------------------------\n          Psi4: An Open-Source Ab Initio Electronic Structure Package\n                               Psi4 1.4a2.dev923 \n\n                         Git: Rev {master} 5de566e \n\n\n    D. G. A. Smith, L. A. Burns, A. C. Simmonett, R. M. Parrish,\n    M. C. Schieber, R. Galvelis, P. Kraus, H. Kruse, R. Di Remigio,\n    A. Alenaizan, A. M. James, S. Lehtola, J. P. Misiewicz, M. Scheurer,\n    R. A. Shaw, J. B. Schriber, Y. Xie, Z. L. Glick, D. A. Sirianni,\n    J. S. O'Brien, J. M. Waldrop, A. Kumar, E. G. Hohenstein,\n    B. P. Pritchard, B. R. Brooks, H. F. Schaefer III, A. Yu. Sokolov,\n    K. Patkowski, A. E. DePrince III, U. Bozkaya, R. A. King,\n    F. A. Evangelista, J. M. Turney, T. D. Crawford, C. D. Sherrill,\n    J. Chem. Phys. 152(18) 184108 (2020). https://doi.org/10.1063/5.0006002\n\n                            Additional Code Authors\n    E. T. Seidl, C. L. Janssen, E. F. Valeev, M. L. Leininger,\n    J. F. Gonthier, R. M. Richard, H. R. McAlexander, M. Saitow, X. Wang,\n    P. Verma, and M. H. Lechner\n\n             Previous Authors, Complete List of Code Contributors,\n                       and Citations for Specific Modules\n    https://github.com/psi4/psi4/blob/master/codemeta.json\n    https://github.com/psi4/psi4/graphs/contributors\n    http://psicode.org/psi4manual/master/introduction.html#citing-psifour\n\n    -----------------------------------------------------------------------\n\n\n    Psi4 started on: Tuesday, 03 November 2020 01:08PM\n\n    Process ID: 2784511\n    Host:       bignimbus\n    PSIDATADIR: /home/ubuntu/pk/Applications/miniconda3/envs/psi4-1.4a2.dev923/share/psi4\n    Memory:     22.4 GiB\n    Threads:    16\n    \n  ==> Input QCSchema <==\n\n--------------------------------------------------------------------------\n{'driver': 'energy',\n 'extras': {},\n 'id': None,\n 'keywords': {'dft_radial_points': 150, 'dft_spherical_points': 974, 'guess': 'SAP', 'reference': 'UKS'},\n 'model': {'basis': 'aug-cc-pvdz', 'method': 'pbe0-d3bj'},\n 'molecule': {'fix_com': False,\n              'fix_orientation': False,\n              'geometry': [0.0355647, -1.54448011, 0.0, -0.88909406, 1.07616008, 0.0, 0.0355647, 3.14749023, 0.0],\n              'molecular_charge': 0.0,\n              'molecular_multiplicity': 3,\n              'name': 'ClHO',\n              'provenance': {'creator': 'QCElemental',\n                             'routine': 'qcelemental.molparse.from_schema',\n                             'version': 'v0.17.0'},\n              'schema_name': 'qcschema_molecule',\n              'schema_version': 2,\n              'symbols': ['Cl', 'H', 'O'],\n              'validated': True},\n 'protocols': {},\n 'provenance': {'creator': 'QCElemental', 'routine': 'qcelemental.models.results', 'version': 'v0.17.0'},\n 'schema_name': 'qcschema_input',\n 'schema_version': 1}\n--------------------------------------------------------------------------\n\nScratch directory: /tmp/tmp6juu82h8_psi_scratch/\n\n*** tstart() called on bignimbus\n*** at Tue Nov  3 13:08:39 2020\n\n   => Loading Basis Set <=\n\n    Name: AUG-CC-PVDZ\n    Role: ORBITAL\n    Keyword: BASIS\n    atoms 1 entry CL         line   768 file /home/ubuntu/pk/Applications/miniconda3/envs/psi4-1.4a2.dev923/share/psi4/basis/aug-cc-pvdz.gbs \n    atoms 2 entry H          line    40 file /home/ubuntu/pk/Applications/miniconda3/envs/psi4-1.4a2.dev923/share/psi4/basis/aug-cc-pvdz.gbs \n    atoms 3 entry O          line   254 file /home/ubuntu/pk/Applications/miniconda3/envs/psi4-1.4a2.dev923/share/psi4/basis/aug-cc-pvdz.gbs \n\n   => PBE0-D3(BJ): Empirical Dispersion <=\n\n    Grimme's -D3 (BJ-damping) Dispersion Correction\n    Grimme S.; Ehrlich S.; Goerigk L. (2011), J. Comput. Chem., 32: 1456\n\n        s6 =       1.000000\n        s8 =       1.217700\n        a1 =       0.414500\n        a2 =       4.859300\n\n\n         ---------------------------------------------------------\n                                   SCF\n               by Justin Turney, Rob Parrish, Andy Simmonett\n                          and Daniel G. A. Smith\n                              UKS Reference\n                       16 Threads,  22888 MiB Core\n         ---------------------------------------------------------\n\n  ==> Geometry <==\n\n    Molecular point group: cs\n    Full point group: Cs\n\n    Geometry (in Bohr), charge = 0, multiplicity = 3:\n\n       Center              X                  Y                   Z               Mass       \n    ------------   -----------------  -----------------  -----------------  -----------------\n         CL           0.017930838805    -1.494832239713     0.000000000000    34.968852682000\n         H           -0.906727921195     1.125807950287     0.000000000000     1.007825032230\n         O            0.017930838805     3.197138100287  