{
 "id": null,
 "schema_name": "qcschema_output",
 "schema_version": 1,
 "molecule": {
  "schema_name": "qcschema_molecule",
  "schema_version": 2,
  "validated": true,
  "symbols": [
   "Se",
   "F",
   "F"
  ],
  "geometry": [
   -0.5991907701541337,
   -0.5396097278838698,
   0.0,
   2.9494639998458663,
   -0.5282407778838699,
   0.0,
   -0.4289762601541336,
   2.7981016821161298,
   0.0
  ],
  "name": "F2Se",
  "molecular_charge": 0.0,
  "molecular_multiplicity": 1,
  "fix_com": false,
  "fix_orientation": false,
  "provenance": {
   "creator": "QCElemental",
   "version": "v0.17.0",
   "routine": "qcelemental.molparse.from_schema"
  }
 },
 "driver": "energy",
 "model": {
  "method": "pbe0-d3bj",
  "basis": "aug-pcseg-2"
 },
 "keywords": {
  "reference": "RKS",
  "dft_spherical_points": 974,
  "dft_radial_points": 150,
  "guess": "SAP"
 },
 "protocols": {},
 "extras": {
  "qcvars": {
   "2-BODY DISPERSION CORRECTION ENERGY": -0.00092608,
   "CURRENT DIPOLE X": -2.2186482012291457,
   "CURRENT DIPOLE Y": -1.5654605669770476,
   "CURRENT DIPOLE Z": 0.0,
   "CURRENT ENERGY": -2600.846799946517,
   "CURRENT REFERENCE ENERGY": -2600.846799946517,
   "DFT FUNCTIONAL TOTAL ENERGY": -2600.8458738665163,
   "DFT TOTAL ENERGY": -2600.8467999465165,
   "DFT VV10 ENERGY": 0.0,
   "DFT XC ENERGY": -81.21881338089983,
   "DISPERSION CORRECTION ENERGY": -0.00092608,
   "NUCLEAR REPULSION ENERGY": 194.87451434098335,
   "ONE-ELECTRON ENERGY": -4009.789243851009,
   "PBE0-D3(BJ) DISPERSION CORRECTION ENERGY": -0.00092608,
   "PCM POLARIZATION ENERGY": 0.0,
   "PE ENERGY": 0.0,
   "SCF DIPOLE X": -2.2186482012291457,
   "SCF DIPOLE Y": -1.5654605669770476,
   "SCF DIPOLE Z": 0.0,
   "SCF ITERATION ENERGY": -2600.846799946517,
   "SCF ITERATIONS": 9.0,
   "SCF TOTAL ENERGY": -2600.846799946517,
   "TWO-ELECTRON ENERGY": 1295.287669024409,
   "XC GRID RADIAL POINTS": 150.0,
   "XC GRID SPHERICAL POINTS": 974.0,
   "XC GRID TOTAL POINTS": 426713.0,
   "CURRENT DIPOLE": [
    -0.8728833670939165,
    -0.615899577949603,
    0.0
   ],
   "SCF DIPOLE": [
    -0.8728833670939165,
    -0.615899577949603,
    0.0
   ]
  }
 },
 "provenance": {
  "creator": "Psi4",
  "version": "1.4a2.dev923",
  "routine": "psi4.schema_runner.run_qcschema",
  "memory": 64.0,
  "qcengine_version": "v0.17.0",
  "hostname": "bignimbus",
  "wall_time": 11.704317808151245,
  "username": "ubuntu",
  "nthreads": 16,
  "cpu": "AMD EPYC Processor (with IBPB)"
 },
 "properties": {
  "calcinfo_nbasis": 151,
  "calcinfo_nmo": 151,
  "calcinfo_nalpha": 26,
  "calcinfo_nbeta": 26,
  "calcinfo_natom": 3,
  "nuclear_repulsion_energy": 194.87451434098335,
  "return_energy": -2600.846799946517,
  "scf_one_electron_energy": -4009.789243851009,
  "scf_two_electron_energy": 1295.287669024409,
  "scf_xc_energy": -81.21881338089983,
  "scf_dispersion_correction_energy": -0.00092608,
  "scf_dipole_moment": [
   -0.8728833670939165,
   -0.615899577949603,
   0.0
  ],
  "scf_total_energy": -2600.846799946517,
  "scf_iterations": 9
 },
 "wavefunction": null,
 "return_result": -2600.846799946517,
 "stdout": "\n    -----------------------------------------------------------------------\n          Psi4: An Open-Source Ab Initio Electronic Structure Package\n                               Psi4 1.4a2.dev923 \n\n                         Git: Rev {master} 5de566e \n\n\n    D. G. A. Smith, L. A. Burns, A. C. Simmonett, R. M. Parrish,\n    M. C. Schieber, R. Galvelis, P. Kraus, H. Kruse, R. Di Remigio,\n    A. Alenaizan, A. M. James, S. Lehtola, J. P. Misiewicz, M. Scheurer,\n    R. A. Shaw, J. B. Schriber, Y. Xie, Z. L. Glick, D. A. Sirianni,\n    J. S. O'Brien, J. M. Waldrop, A. Kumar, E. G. Hohenstein,\n    B. P. Pritchard, B. R. Brooks, H. F. Schaefer III, A. Yu. Sokolov,\n    K. Patkowski, A. E. DePrince III, U. Bozkaya, R. A. King,\n    F. A. Evangelista, J. M. Turney, T. D. Crawford, C. D. Sherrill,\n    J. Chem. Phys. 152(18) 184108 (2020). https://doi.org/10.1063/5.0006002\n\n                            Additional Code Authors\n    E. T. Seidl, C. L. Janssen, E. F. Valeev, M. L. Leininger,\n    J. F. Gonthier, R. M. Richard, H. R. McAlexander, M. Saitow, X. Wang,\n    P. Verma, and M. H. Lechner\n\n             Previous Authors, Complete List of Code Contributors,\n                       and Citations for Specific Modules\n    https://github.com/psi4/psi4/blob/master/codemeta.json\n    https://github.com/psi4/psi4/graphs/contributors\n    http://psicode.org/psi4manual/master/introduction.html#citing-psifour\n\n    -----------------------------------------------------------------------\n\n\n    Psi4 started on: Monday, 01 February 2021 08:35AM\n\n    Process ID: 3012823\n    Host:       bignimbus\n    PSIDATADIR: /home/ubuntu/pk/Applications/miniconda3/envs/psi4-1.4a2.dev923/share/psi4\n    Memory:     59.6 GiB\n    Threads:    16\n    \n  ==> Input QCSchema <==\n\n--------------------------------------------------------------------------\n{'driver': 'energy',\n 'extras': {},\n 'id': None,\n 'keywords': {'dft_radial_points': 150, 'dft_spherical_points': 974, 'guess': 'SAP', 'reference': 'RKS'},\n 'model': {'basis': 'aug-pcseg-2', 'method': 'pbe0-d3bj'},\n 'molecule': {'fix_com': False,\n              'fix_orientation': False,\n              'geometry': [0.68725741, -0.56244944, 0.0, 4.23591218, -0.55108049, 0.0, 0.85747192, 2.77526197, 0.0],\n              'molecular_charge': 0.0,\n              'molecular_multiplicity': 1,\n              'name': 'F2Se',\n              'provenance': {'creator': 'QCElemental',\n                             'routine': 'qcelemental.molparse.from_schema',\n                             'version': 'v0.17.0'},\n              'schema_name': 'qcschema_molecule',\n              'schema_version': 2,\n              'symbols': ['Se', 'F', 'F'],\n              'validated': True},\n 'protocols': {},\n 'provenance': {'creator': 'QCElemental', 'routine': 'qcelemental.models.results', 'version': 'v0.17.0'},\n 'schema_name': 'qcschema_input',\n 'schema_version': 1}\n--------------------------------------------------------------------------\n\nScratch directory: /home/ubuntu/pk/scratch/tmpqbufpg38_psi_scratch/\n\n*** tstart() called on bignimbus\n*** at Mon Feb  1 08:35:37 2021\n\n   => Loading Basis Set <=\n\n    Name: AUG-PCSEG-2\n    Role: ORBITAL\n    Keyword: BASIS\n    atoms 1   entry SE         line  1796 file /home/ubuntu/pk/Applications/miniconda3/envs/psi4-1.4a2.dev923/share/psi4/basis/aug-pcseg-2.gbs \n    atoms 2-3 entry F          line   281 file /home/ubuntu/pk/Applications/miniconda3/envs/psi4-1.4a2.dev923/share/psi4/basis/aug-pcseg-2.gbs \n\n   => PBE0-D3(BJ): Empirical Dispersion <=\n\n    Grimme's -D3 (BJ-damping) Dispersion Correction\n    Grimme S.; Ehrlich S.; Goerigk L. (2011), J. Comput. Chem., 32: 1456\n\n        s6 =       1.000000\n        s8 =       1.217700\n        a1 =       0.414500\n        a2 =       4.859300\n\n\n         ---------------------------------------------------------\n                                   SCF\n               by Justin Turney, Rob Parrish, Andy Simmonett\n                          and Daniel G. A. Smith\n                              RKS Reference\n                       16 Threads,  61035 MiB Core\n         ---------------------------------------------------------\n\n  ==> Geometry <==\n\n    Molecular point group: cs\n    Full point group: Cs\n\n    Geometry (in Bohr), charge = 0, multiplicity = 1:\n\n       Center              X                  Y                   Z               Mass       \n    ------------   -----------------  -----------------  -----------------  -----------------\n         SE          -0.599190770154    -0.539609727884     0.000000000000    79.916521800000\n         F            2.949463999846    -0.528240777884     0.000000000000    18.998403162730\n         F           -0.428976260154     2.798101682116     0.000000000000    18.998403162730\n\n  Running in cs symmetry.\n\n  Rotational constants: A =      0.37866  B = 