{
 "id": null,
 "schema_name": "qcschema_output",
 "schema_version": 1,
 "molecule": {
  "schema_name": "qcschema_molecule",
  "schema_version": 2,
  "validated": true,
  "symbols": [
   "S",
   "S",
   "S"
  ],
  "geometry": [
   -4.5263701459030435e-33,
   0.0,
   -1.2572580975058238,
   -9.488781861189266e-17,
   3.099271354906811,
   0.628629048752912,
   9.488781861189266e-17,
   -3.099271354906811,
   0.628629048752912
  ],
  "name": "S3",
  "molecular_charge": 0.0,
  "molecular_multiplicity": 1,
  "fix_com": false,
  "fix_orientation": false,
  "provenance": {
   "creator": "QCElemental",
   "version": "v0.16.0",
   "routine": "qcelemental.molparse.from_schema"
  }
 },
 "driver": "energy",
 "model": {
  "method": "pbe-d3bj",
  "basis": "def2-tzvp"
 },
 "keywords": {
  "reference": "RKS",
  "dft_spherical_points": 974,
  "dft_radial_points": 150,
  "guess": "SAP"
 },
 "protocols": {},
 "extras": {
  "qcvars": {
   "2-BODY DISPERSION CORRECTION ENERGY": -0.00355159,
   "CURRENT DIPOLE X": 0.0,
   "CURRENT DIPOLE Y": 0.0,
   "CURRENT DIPOLE Z": -0.471414839828287,
   "CURRENT ENERGY": -1194.113268176677,
   "CURRENT REFERENCE ENERGY": -1194.113268176677,
   "DFT FUNCTIONAL TOTAL ENERGY": -1194.109716586677,
   "DFT TOTAL ENERGY": -1194.113268176677,
   "DFT VV10 ENERGY": 0.0,
   "DFT XC ENERGY": -76.54863721251928,
   "DISPERSION CORRECTION ENERGY": -0.00355159,
   "NUCLEAR REPULSION ENERGY": 182.42638967022648,
   "ONE-ELECTRON ENERGY": -2012.8059492221741,
   "PBE-D3(BJ) DISPERSION CORRECTION ENERGY": -0.00355159,
   "PCM POLARIZATION ENERGY": 0.0,
   "PE ENERGY": 0.0,
   "SCF DIPOLE X": 0.0,
   "SCF DIPOLE Y": 0.0,
   "SCF DIPOLE Z": -0.471414839828287,
   "SCF ITERATION ENERGY": -1194.113268176677,
   "SCF ITERATIONS": 9.0,
   "SCF TOTAL ENERGY": -1194.113268176677,
   "TWO-ELECTRON ENERGY": 712.81848017779,
   "XC GRID RADIAL POINTS": 150.0,
   "XC GRID SPHERICAL POINTS": 974.0,
   "XC GRID TOTAL POINTS": 397788.0,
   "CURRENT DIPOLE": [
    0.0,
    0.0,
    -0.18546886904349513
   ],
   "SCF DIPOLE": [
    0.0,
    0.0,
    -0.18546886904349513
   ]
  }
 },
 "provenance": {
  "creator": "Psi4",
  "version": "1.4a2.dev923",
  "routine": "psi4.schema_runner.run_qcschema",
  "cpu": "Intel(R) Xeon(R) CPU E5-2680 v4 @ 2.40GHz",
  "nthreads": 28,
  "hostname": "z055",
  "wall_time": 10.723695278167725,
  "username": "kraus",
  "qcengine_version": "v0.16.0",
  "memory": 120.0
 },
 "properties": {
  "calcinfo_nbasis": 111,
  "calcinfo_nmo": 111,
  "calcinfo_nalpha": 24,
  "calcinfo_nbeta": 24,
  "calcinfo_natom": 3,
  "nuclear_repulsion_energy": 182.42638967022648,
  "return_energy": -1194.113268176677,
  "scf_one_electron_energy": -2012.8059492221741,
  "scf_two_electron_energy": 712.81848017779,
  "scf_xc_energy": -76.54863721251928,
  "scf_dispersion_correction_energy": -0.00355159,
  "scf_dipole_moment": [
   0.0,
   0.0,
   -0.18546886904349513
  ],
  "scf_total_energy": -1194.113268176677,
  "scf_iterations": 9
 },
 "wavefunction": null,
 "return_result": -1194.113268176677,
 "stdout": "\n    -----------------------------------------------------------------------\n          Psi4: An Open-Source Ab Initio Electronic Structure Package\n                               Psi4 1.4a2.dev923 \n\n                         Git: Rev {master} 5de566e \n\n\n    D. G. A. Smith, L. A. Burns, A. C. Simmonett, R. M. Parrish,\n    M. C. Schieber, R. Galvelis, P. Kraus, H. Kruse, R. Di Remigio,\n    A. Alenaizan, A. M. James, S. Lehtola, J. P. Misiewicz, M. Scheurer,\n    R. A. Shaw, J. B. Schriber, Y. Xie, Z. L. Glick, D. A. Sirianni,\n    J. S. O'Brien, J. M. Waldrop, A. Kumar, E. G. Hohenstein,\n    B. P. Pritchard, B. R. Brooks, H. F. Schaefer III, A. Yu. Sokolov,\n    K. Patkowski, A. E. DePrince III, U. Bozkaya, R. A. King,\n    F. A. Evangelista, J. M. Turney, T. D. Crawford, C. D. Sherrill,\n    J. Chem. Phys. 152(18) 184108 (2020). https://doi.org/10.1063/5.0006002\n\n                            Additional Code Authors\n    E. T. Seidl, C. L. Janssen, E. F. Valeev, M. L. Leininger,\n    J. F. Gonthier, R. M. Richard, H. R. McAlexander, M. Saitow, X. Wang,\n    P. Verma, and M. H. Lechner\n\n             Previous Authors, Complete List of Code Contributors,\n                       and Citations for Specific Modules\n    https://github.com/psi4/psi4/blob/master/codemeta.json\n    https://github.com/psi4/psi4/graphs/contributors\n    http://psicode.org/psi4manual/master/introduction.html#citing-psifour\n\n    -----------------------------------------------------------------------\n\n\n    Psi4 started on: Tuesday, 15 September 2020 12:04AM\n\n    Process ID: 13273\n    Host:       z055\n    PSIDATADIR: /group/f97/kraus/miniconda3/envs/psi4-1.4a2.dev923/share/psi4\n    Memory:     111.8 GiB\n    Threads:    28\n    \n  ==> Input QCSchema <==\n\n--------------------------------------------------------------------------\n{'driver': 'energy',\n 'extras': {},\n 'id': None,\n 'keywords': {'dft_radial_points': 150, 'dft_spherical_points': 974, 'guess': 'SAP', 'reference': 'RKS'},\n 'model': {'basis': 'def2-tzvp', 'method': 'pbe-d3bj'},\n 'molecule': {'fix_com': False,\n              'fix_orientation': False,\n              'geometry': [0.0, 0.0, 0.0, 0.0, 0.0, 3.62795442, 3.2221331, 0.0, -1.66730667],\n              'molecular_charge': 0.0,\n              'molecular_multiplicity': 1,\n              'name': 'S3',\n              'provenance': {'creator': 'QCElemental',\n                             'routine': 'qcelemental.molparse.from_schema',\n                             'version': 'v0.16.0'},\n              'schema_name': 'qcschema_molecule',\n              'schema_version': 2,\n              'symbols': ['S', 'S', 'S'],\n              'validated': True},\n 'protocols': {},\n 'provenance': {'creator': 'QCElemental', 'routine': 'qcelemental.models.results', 'version': 'v0.16.0'},\n 'schema_name': 'qcschema_input',\n 'schema_version': 1}\n--------------------------------------------------------------------------\n\nScratch directory: /tmp/tmp6tphlmh__psi_scratch/\n\n*** tstart() called on z055\n*** at Tue Sep 15 00:04:41 2020\n\n   => Loading Basis Set <=\n\n    Name: DEF2-TZVP\n    Role: ORBITAL\n    Keyword: BASIS\n    atoms 1-3 entry S          line   492 file /group/f97/kraus/miniconda3/envs/psi4-1.4a2.dev923/share/psi4/basis/def2-tzvp.gbs \n\n   => PBE-D3(BJ): Empirical Dispersion <=\n\n    Grimme's -D3 (BJ-damping) Dispersion Correction\n    Grimme S.; Ehrlich S.; Goerigk L. (2011), J. Comput. Chem., 32: 1456\n\n        s6 =       1.000000\n        s8 =       0.787500\n        a1 =       0.428900\n        a2 =       4.440700\n\n\n         ---------------------------------------------------------\n                                   SCF\n               by Justin Turney, Rob Parrish, Andy Simmonett\n                          and Daniel G. A. Smith\n                              RKS Reference\n                       28 Threads, 114440 MiB Core\n         ---------------------------------------------------------\n\n  ==> Geometry <==\n\n    Molecular point group: c2v\n    Full point group: C2v\n\n    Geometry (in Bohr), charge = 0, multiplicity = 1:\n\n       Center              X                  Y                   Z               Mass       \n    ------------   -----------------  -----------------  -----------------  -----------------\n         S           -0.000000000000     0.000000000000    -1.257258097506    31.972071174400\n         S           -0.000000000000     3.099271354907     0.628629048753    31.972071174400\n         S            0.000000000000    -3.099271354907     0.628629048753    31.972071174400\n\n  Running in c2v symmetry.\n\n  Rotational constants: A =      0.79411  B =      0.09801  C =      0.08724 [cm^-1]\n  Rotational constants: A =  23806.96431  B =   2938.29207  C =   2615.48491 [MHz]\n  Nuclear repulsion =  182.426389670226484\n\n  Charge       = 0\n  Multiplicity = 1\n  Electrons    = 48\n  Nalpha       = 24\n  Nbeta        = 