{
 "id": null,
 "schema_name": "qcschema_output",
 "schema_version": 1,
 "molecule": {
  "schema_name": "qcschema_molecule",
  "schema_version": 2,
  "validated": true,
  "symbols": [
   "O",
   "H",
   "H"
  ],
  "geometry": [
   0.057072287994760065,
   -0.11542672680064155,
   0.0,
   0.8767414099910436,
   1.571214991970994,
   0.0,
   -1.7825200366637897,
   0.2606909251776875,
   0.0
  ],
  "name": "H2O",
  "molecular_charge": 0.0,
  "molecular_multiplicity": 1,
  "fix_com": false,
  "fix_orientation": false,
  "provenance": {
   "creator": "QCElemental",
   "version": "v0.17.0",
   "routine": "qcelemental.molparse.from_schema"
  }
 },
 "driver": "energy",
 "model": {
  "method": "pbe-d3bj",
  "basis": "aug-cc-pvdz"
 },
 "keywords": {
  "reference": "RKS",
  "dft_spherical_points": 974,
  "dft_radial_points": 150,
  "guess": "SAP"
 },
 "protocols": {},
 "extras": {
  "qcvars": {
   "2-BODY DISPERSION CORRECTION ENERGY": -0.00035949,
   "CURRENT DIPOLE X": -0.8022343044042617,
   "CURRENT DIPOLE Y": 1.6239179794877043,
   "CURRENT DIPOLE Z": 0.0,
   "CURRENT ENERGY": -76.35907380515295,
   "CURRENT REFERENCE ENERGY": -76.35907380515295,
   "DFT FUNCTIONAL TOTAL ENERGY": -76.35871431515295,
   "DFT TOTAL ENERGY": -76.35907380515295,
   "DFT VV10 ENERGY": 0.0,
   "DFT XC ENERGY": -9.199172635198462,
   "DISPERSION CORRECTION ENERGY": -0.00035949,
   "NUCLEAR REPULSION ENERGY": 8.86402045782899,
   "ONE-ELECTRON ENERGY": -122.3102943286428,
   "PBE-D3(BJ) DISPERSION CORRECTION ENERGY": -0.00035949,
   "PCM POLARIZATION ENERGY": 0.0,
   "PE ENERGY": 0.0,
   "SCF DIPOLE X": -0.8022343044042617,
   "SCF DIPOLE Y": 1.6239179794877043,
   "SCF DIPOLE Z": 0.0,
   "SCF ITERATION ENERGY": -76.35907380515295,
   "SCF ITERATIONS": 8.0,
   "SCF TOTAL ENERGY": -76.35907380515295,
   "TWO-ELECTRON ENERGY": 46.28673219085932,
   "XC GRID RADIAL POINTS": 150.0,
   "XC GRID SPHERICAL POINTS": 974.0,
   "XC GRID TOTAL POINTS": 427090.0,
   "CURRENT DIPOLE": [
    -0.31562326124470336,
    0.6388984937018305,
    0.0
   ],
   "SCF DIPOLE": [
    -0.31562326124470336,
    0.6388984937018305,
    0.0
   ]
  }
 },
 "provenance": {
  "creator": "Psi4",
  "version": "1.4a2.dev923",
  "routine": "psi4.schema_runner.run_qcschema",
  "cpu": "AMD EPYC Processor (with IBPB)",
  "hostname": "bignimbus",
  "qcengine_version": "v0.17.0",
  "nthreads": 16,
  "wall_time": 7.885314702987671,
  "username": "ubuntu",
  "memory": 24.0
 },
 "properties": {
  "calcinfo_nbasis": 41,
  "calcinfo_nmo": 41,
  "calcinfo_nalpha": 5,
  "calcinfo_nbeta": 5,
  "calcinfo_natom": 3,
  "nuclear_repulsion_energy": 8.86402045782899,
  "return_energy": -76.35907380515295,
  "scf_one_electron_energy": -122.3102943286428,
  "scf_two_electron_energy": 46.28673219085932,
  "scf_xc_energy": -9.199172635198462,
  "scf_dispersion_correction_energy": -0.00035949,
  "scf_dipole_moment": [
   -0.31562326124470336,
   0.6388984937018305,
   0.0
  ],
  "scf_total_energy": -76.35907380515295,
  "scf_iterations": 8
 },
 "wavefunction": null,
 "return_result": -76.35907380515295,
 "stdout": "\n    -----------------------------------------------------------------------\n          Psi4: An Open-Source Ab Initio Electronic Structure Package\n                               Psi4 1.4a2.dev923 \n\n                         Git: Rev {master} 5de566e \n\n\n    D. G. A. Smith, L. A. Burns, A. C. Simmonett, R. M. Parrish,\n    M. C. Schieber, R. Galvelis, P. Kraus, H. Kruse, R. Di Remigio,\n    A. Alenaizan, A. M. James, S. Lehtola, J. P. Misiewicz, M. Scheurer,\n    R. A. Shaw, J. B. Schriber, Y. Xie, Z. L. Glick, D. A. Sirianni,\n    J. S. O'Brien, J. M. Waldrop, A. Kumar, E. G. Hohenstein,\n    B. P. Pritchard, B. R. Brooks, H. F. Schaefer III, A. Yu. Sokolov,\n    K. Patkowski, A. E. DePrince III, U. Bozkaya, R. A. King,\n    F. A. Evangelista, J. M. Turney, T. D. Crawford, C. D. Sherrill,\n    J. Chem. Phys. 152(18) 184108 (2020). https://doi.org/10.1063/5.0006002\n\n                            Additional Code Authors\n    E. T. Seidl, C. L. Janssen, E. F. Valeev, M. L. Leininger,\n    J. F. Gonthier, R. M. Richard, H. R. McAlexander, M. Saitow, X. Wang,\n    P. Verma, and M. H. Lechner\n\n             Previous Authors, Complete List of Code Contributors,\n                       and Citations for Specific Modules\n    https://github.com/psi4/psi4/blob/master/codemeta.json\n    https://github.com/psi4/psi4/graphs/contributors\n    http://psicode.org/psi4manual/master/introduction.html#citing-psifour\n\n    -----------------------------------------------------------------------\n\n\n    Psi4 started on: Monday, 09 November 2020 03:55AM\n\n    Process ID: 3941289\n    Host:       bignimbus\n    PSIDATADIR: /home/ubuntu/pk/Applications/miniconda3/envs/psi4-1.4a2.dev923/share/psi4\n    Memory:     22.4 GiB\n    Threads:    16\n    \n  ==> Input QCSchema <==\n\n--------------------------------------------------------------------------\n{'driver': 'energy',\n 'extras': {},\n 'id': None,\n 'keywords': {'dft_radial_points': 150, 'dft_spherical_points': 974, 'guess': 'SAP', 'reference': 'RKS'},\n 'model': {'basis': 'aug-cc-pvdz', 'method': 'pbe-d3bj'},\n 'molecule': {'fix_com': False,\n              'fix_orientation': False,\n              'geometry': [-0.45531061, 2.55208458, -4.46967094, -0.79192375, 3.49412817, -2.88352365, 1.11898243,\n                           1.59184671, -4.11596334],\n              'molecular_charge': 0.0,\n              'molecular_multiplicity': 1,\n              'name': 'H2O',\n              'provenance': {'creator': 'QCElemental',\n                             'routine': 'qcelemental.molparse.from_schema',\n                             'version': 'v0.17.0'},\n              'schema_name': 'qcschema_molecule',\n              'schema_version': 2,\n              'symbols': ['O', 'H', 'H'],\n              'validated': True},\n 'protocols': {},\n 'provenance': {'creator': 'QCElemental', 'routine': 'qcelemental.models.results', 'version': 'v0.17.0'},\n 'schema_name': 'qcschema_input',\n 'schema_version': 1}\n--------------------------------------------------------------------------\n\nScratch directory: /tmp/tmpa9u0l2r9_psi_scratch/\n\n*** tstart() called on bignimbus\n*** at Mon Nov  9 03:55:13 2020\n\n   => Loading Basis Set <=\n\n    Name: AUG-CC-PVDZ\n    Role: ORBITAL\n    Keyword: BASIS\n    atoms 1   entry O          line   254 file /home/ubuntu/pk/Applications/miniconda3/envs/psi4-1.4a2.dev923/share/psi4/basis/aug-cc-pvdz.gbs \n    atoms 2-3 entry H          line    40 file /home/ubuntu/pk/Applications/miniconda3/envs/psi4-1.4a2.dev923/share/psi4/basis/aug-cc-pvdz.gbs \n\n   => PBE-D3(BJ): Empirical Dispersion <=\n\n    Grimme's -D3 (BJ-damping) Dispersion Correction\n    Grimme S.; Ehrlich S.; Goerigk L. (2011), J. Comput. Chem., 32: 1456\n\n        s6 =       1.000000\n        s8 =       0.787500\n        a1 =       0.428900\n        a2 =       4.440700\n\n\n         ---------------------------------------------------------\n                                   SCF\n               by Justin Turney, Rob Parrish, Andy Simmonett\n                          and Daniel G. A. Smith\n                              RKS Reference\n                       16 Threads,  22888 MiB Core\n         ---------------------------------------------------------\n\n  ==> Geometry <==\n\n    Molecular point group: cs\n    Full point group: Cs\n\n    Geometry (in Bohr), charge = 0, multiplicity = 1:\n\n       Center              X                  Y                   Z               Mass       \n    ------------   -----------------  -----------------  -----------------  -----------------\n         O            0.057072287995    -0.115426726801     0.000000000000    15.994914619570\n         H            0.876741409991     1.571214991971     0.000000000000     1.007825032230\n         H           -1.782520036664     0.260690925178     0.000000000000     1.007825032230\n\n  Running in cs symmetry.\n\n  Rotational constants: A =    