{
 "id": null,
 "schema_name": "qcschema_output",
 "schema_version": 1,
 "molecule": {
  "schema_name": "qcschema_molecule",
  "schema_version": 2,
  "validated": true,
  "symbols": [
   "Kr",
   "Kr",
   "Kr"
  ],
  "geometry": [
   1.208065369278896e-16,
   -3.94584094,
   2.278132306666667,
   -1.208065369278896e-16,
   3.94584094,
   2.278132306666667,
   -3.340300471670756e-34,
   0.0,
   -4.556264613333334
  ],
  "name": "Kr3",
  "molecular_charge": 0.0,
  "molecular_multiplicity": 1,
  "fix_com": false,
  "fix_orientation": false,
  "provenance": {
   "creator": "QCElemental",
   "version": "v0.16.0",
   "routine": "qcelemental.molparse.from_schema"
  }
 },
 "driver": "energy",
 "model": {
  "method": "pbe-d3bj",
  "basis": "def2-tzvpp"
 },
 "keywords": {
  "reference": "RKS",
  "dft_spherical_points": 974,
  "dft_radial_points": 150,
  "guess": "SAP"
 },
 "protocols": {},
 "extras": {
  "qcvars": {
   "2-BODY DISPERSION CORRECTION ENERGY": -0.00153064,
   "CURRENT DIPOLE X": -3.056470873967674e-32,
   "CURRENT DIPOLE Y": 3.6120389550760395e-14,
   "CURRENT DIPOLE Z": -7.4666130878626645e-06,
   "CURRENT ENERGY": -8260.050936945207,
   "CURRENT REFERENCE ENERGY": -8260.050936945207,
   "DFT FUNCTIONAL TOTAL ENERGY": -8260.049406305207,
   "DFT TOTAL ENERGY": -8260.050936945207,
   "DFT VV10 ENERGY": 0.0,
   "DFT XC ENERGY": -285.306047809809,
   "DISPERSION CORRECTION ENERGY": -0.00153064,
   "NUCLEAR REPULSION ENERGY": 492.67064715519473,
   "ONE-ELECTRON ENERGY": -12473.667527857437,
   "PBE-D3(BJ) DISPERSION CORRECTION ENERGY": -0.00153064,
   "PCM POLARIZATION ENERGY": 0.0,
   "PE ENERGY": 0.0,
   "SCF DIPOLE X": -3.056470873967674e-32,
   "SCF DIPOLE Y": 3.6120389550760395e-14,
   "SCF DIPOLE Z": -7.4666130878626645e-06,
   "SCF ITERATION ENERGY": -8260.050936945207,
   "SCF ITERATIONS": 7.0,
   "SCF TOTAL ENERGY": -8260.050936945207,
   "TWO-ELECTRON ENERGY": 4006.253522206844,
   "XC GRID RADIAL POINTS": 150.0,
   "XC GRID SPHERICAL POINTS": 974.0,
   "XC GRID TOTAL POINTS": 389225.0,
   "CURRENT DIPOLE": [
    -1.2025081698014723e-32,
    1.4210854715202004e-14,
    -2.937591624174729e-06
   ],
   "SCF DIPOLE": [
    -1.2025081698014723e-32,
    1.4210854715202004e-14,
    -2.937591624174729e-06
   ]
  }
 },
 "provenance": {
  "creator": "Psi4",
  "version": "1.4a2.dev923",
  "routine": "psi4.schema_runner.run_qcschema",
  "username": "kraus",
  "memory": 120.0,
  "cpu": "Intel(R) Xeon(R) CPU E5-2680 v4 @ 2.40GHz",
  "hostname": "z076",
  "nthreads": 28,
  "qcengine_version": "v0.16.0",
  "wall_time": 10.695403099060059
 },
 "properties": {
  "calcinfo_nbasis": 144,
  "calcinfo_nmo": 144,
  "calcinfo_nalpha": 54,
  "calcinfo_nbeta": 54,
  "calcinfo_natom": 3,
  "nuclear_repulsion_energy": 492.67064715519473,
  "return_energy": -8260.050936945207,
  "scf_one_electron_energy": -12473.667527857437,
  "scf_two_electron_energy": 4006.253522206844,
  "scf_xc_energy": -285.306047809809,
  "scf_dispersion_correction_energy": -0.00153064,
  "scf_dipole_moment": [
   -1.2025081698014723e-32,
   1.4210854715202004e-14,
   -2.937591624174729e-06
  ],
  "scf_total_energy": -8260.050936945207,
  "scf_iterations": 7
 },
 "wavefunction": null,
 "return_result": -8260.050936945207,
 "stdout": "\n    -----------------------------------------------------------------------\n          Psi4: An Open-Source Ab Initio Electronic Structure Package\n                               Psi4 1.4a2.dev923 \n\n                         Git: Rev {master} 5de566e \n\n\n    D. G. A. Smith, L. A. Burns, A. C. Simmonett, R. M. Parrish,\n    M. C. Schieber, R. Galvelis, P. Kraus, H. Kruse, R. Di Remigio,\n    A. Alenaizan, A. M. James, S. Lehtola, J. P. Misiewicz, M. Scheurer,\n    R. A. Shaw, J. B. Schriber, Y. Xie, Z. L. Glick, D. A. Sirianni,\n    J. S. O'Brien, J. M. Waldrop, A. Kumar, E. G. Hohenstein,\n    B. P. Pritchard, B. R. Brooks, H. F. Schaefer III, A. Yu. Sokolov,\n    K. Patkowski, A. E. DePrince III, U. Bozkaya, R. A. King,\n    F. A. Evangelista, J. M. Turney, T. D. Crawford, C. D. Sherrill,\n    J. Chem. Phys. 152(18) 184108 (2020). https://doi.org/10.1063/5.0006002\n\n                            Additional Code Authors\n    E. T. Seidl, C. L. Janssen, E. F. Valeev, M. L. Leininger,\n    J. F. Gonthier, R. M. Richard, H. R. McAlexander, M. Saitow, X. Wang,\n    P. Verma, and M. H. Lechner\n\n             Previous Authors, Complete List of Code Contributors,\n                       and Citations for Specific Modules\n    https://github.com/psi4/psi4/blob/master/codemeta.json\n    https://github.com/psi4/psi4/graphs/contributors\n    http://psicode.org/psi4manual/master/introduction.html#citing-psifour\n\n    -----------------------------------------------------------------------\n\n\n    Psi4 started on: Wednesday, 16 September 2020 06:21AM\n\n    Process ID: 31344\n    Host:       z076\n    PSIDATADIR: /group/f97/kraus/miniconda3/envs/psi4-1.4a2.dev923/share/psi4\n    Memory:     111.8 GiB\n    Threads:    28\n    \n  ==> Input QCSchema <==\n\n--------------------------------------------------------------------------\n{'driver': 'energy',\n 'extras': {},\n 'id': None,\n 'keywords': {'dft_radial_points': 150, 'dft_spherical_points': 974, 'guess': 'SAP', 'reference': 'RKS'},\n 'model': {'basis': 'def2-tzvpp', 'method': 'pbe-d3bj'},\n 'molecule': {'fix_com': False,\n              'fix_orientation': False,\n              'geometry': [2.27813231, 3.94584094, 0.0, 2.27813231, -3.94584094, 0.0, -4.55626461, 0.0, 0.0],\n              'molecular_charge': 0.0,\n              'molecular_multiplicity': 1,\n              'name': 'Kr3',\n              'provenance': {'creator': 'QCElemental',\n                             'routine': 'qcelemental.molparse.from_schema',\n                             'version': 'v0.16.0'},\n              'schema_name': 'qcschema_molecule',\n              'schema_version': 2,\n              'symbols': ['Kr', 'Kr', 'Kr'],\n              'validated': True},\n 'protocols': {},\n 'provenance': {'creator': 'QCElemental', 'routine': 'qcelemental.models.results', 'version': 'v0.16.0'},\n 'schema_name': 'qcschema_input',\n 'schema_version': 1}\n--------------------------------------------------------------------------\n\nScratch directory: /tmp/tmpikhljfo8_psi_scratch/\n\n*** tstart() called on z076\n*** at Wed Sep 16 06:21:56 2020\n\n   => Loading Basis Set <=\n\n    Name: DEF2-TZVPP\n    Role: ORBITAL\n    Keyword: BASIS\n    atoms 1-3 entry KR         line  1602 file /group/f97/kraus/miniconda3/envs/psi4-1.4a2.dev923/share/psi4/basis/def2-tzvpp.gbs \n\n   => PBE-D3(BJ): Empirical Dispersion <=\n\n    Grimme's -D3 (BJ-damping) Dispersion Correction\n    Grimme S.; Ehrlich S.; Goerigk L. (2011), J. Comput. Chem., 32: 1456\n\n        s6 =       1.000000\n        s8 =       0.787500\n        a1 =       0.428900\n        a2 =       4.440700\n\n\n         ---------------------------------------------------------\n                                   SCF\n               by Justin Turney, Rob Parrish, Andy Simmonett\n                          and Daniel G. A. Smith\n                              RKS Reference\n                       28 Threads, 114440 MiB Core\n         ---------------------------------------------------------\n\n  ==> Geometry <==\n\n    Molecular point group: c2v\n    Full point group: C2v\n\n    Geometry (in Bohr), charge = 0, multiplicity = 1:\n\n       Center              X                  Y                   Z               Mass       \n    ------------   -----------------  -----------------  -----------------  -----------------\n         KR           0.000000000000    -3.945840940000     2.278132306667    83.911497728200\n         KR          -0.000000000000     3.945840940000     2.278132306667    83.911497728200\n         KR          -0.000000000000     0.000000000000    -4.556264613333    83.911497728200\n\n  Running in c2v symmetry.\n\n  Rotational constants: A =      0.02304  B =      0.02304  C =      0.01152 [cm^-1]\n  