{
 "id": null,
 "schema_name": "qcschema_output",
 "schema_version": 1,
 "molecule": {
  "schema_name": "qcschema_molecule",
  "schema_version": 2,
  "validated": true,
  "symbols": [
   "F",
   "O",
   "O",
   "F"
  ],
  "geometry": [
   2.3196114022973555,
   1.602095826942293,
   0.9067119583701708,
   0.26230330941588376,
   1.1361454939080398,
   -1.0769722594523021,
   -0.26230330941588376,
   -1.1361454939080398,
   -1.0769722594523021,
   -2.3196114022973555,
   -1.602095826942293,
   0.9067119583701708
  ],
  "name": "F2O2",
  "molecular_charge": 0.0,
  "molecular_multiplicity": 1,
  "fix_com": false,
  "fix_orientation": false,
  "provenance": {
   "creator": "QCElemental",
   "version": "v0.17.0",
   "routine": "qcelemental.molparse.from_schema"
  }
 },
 "driver": "energy",
 "model": {
  "method": "pbe0-d3bj",
  "basis": "cc-pvtz"
 },
 "keywords": {
  "reference": "RKS",
  "dft_spherical_points": 974,
  "dft_radial_points": 150,
  "guess": "SAP"
 },
 "protocols": {},
 "extras": {
  "qcvars": {
   "2-BODY DISPERSION CORRECTION ENERGY": -0.00086384,
   "CURRENT DIPOLE X": 0.0,
   "CURRENT DIPOLE Y": 0.0,
   "CURRENT DIPOLE Z": -1.2873235914598853,
   "CURRENT ENERGY": -349.6070605136873,
   "CURRENT REFERENCE ENERGY": -349.6070605136873,
   "DFT FUNCTIONAL TOTAL ENERGY": -349.6061966736873,
   "DFT TOTAL ENERGY": -349.6070605136873,
   "DFT VV10 ENERGY": 0.0,
   "DFT XC ENERGY": -28.391286769502603,
   "DISPERSION CORRECTION ENERGY": -0.00086384,
   "NUCLEAR REPULSION ENERGY": 125.38798821117467,
   "ONE-ELECTRON ENERGY": -733.9548286461936,
   "PBE0-D3(BJ) DISPERSION CORRECTION ENERGY": -0.00086384,
   "PCM POLARIZATION ENERGY": 0.0,
   "PE ENERGY": 0.0,
   "SCF DIPOLE X": 0.0,
   "SCF DIPOLE Y": 0.0,
   "SCF DIPOLE Z": -1.2873235914598853,
   "SCF ITERATION ENERGY": -349.6070605136873,
   "SCF ITERATIONS": 9.0,
   "SCF TOTAL ENERGY": -349.6070605136873,
   "TWO-ELECTRON ENERGY": 287.3519305308343,
   "XC GRID RADIAL POINTS": 150.0,
   "XC GRID SPHERICAL POINTS": 974.0,
   "XC GRID TOTAL POINTS": 547950.0,
   "CURRENT DIPOLE": [
    0.0,
    0.0,
    -0.5064720717914675
   ],
   "SCF DIPOLE": [
    0.0,
    0.0,
    -0.5064720717914675
   ]
  }
 },
 "provenance": {
  "creator": "Psi4",
  "version": "1.4a2.dev923",
  "routine": "psi4.schema_runner.run_qcschema",
  "cpu": "AMD EPYC Processor (with IBPB)",
  "memory": 24.0,
  "qcengine_version": "v0.17.0",
  "wall_time": 9.423162460327148,
  "username": "ubuntu",
  "nthreads": 16,
  "hostname": "bignimbus"
 },
 "properties": {
  "calcinfo_nbasis": 120,
  "calcinfo_nmo": 120,
  "calcinfo_nalpha": 17,
  "calcinfo_nbeta": 17,
  "calcinfo_natom": 4,
  "nuclear_repulsion_energy": 125.38798821117467,
  "return_energy": -349.6070605136873,
  "scf_one_electron_energy": -733.9548286461936,
  "scf_two_electron_energy": 287.3519305308343,
  "scf_xc_energy": -28.391286769502603,
  "scf_dispersion_correction_energy": -0.00086384,
  "scf_dipole_moment": [
   0.0,
   0.0,
   -0.5064720717914675
  ],
  "scf_total_energy": -349.6070605136873,
  "scf_iterations": 9
 },
 "wavefunction": null,
 "return_result": -349.6070605136873,
 "stdout": "\n    -----------------------------------------------------------------------\n          Psi4: An Open-Source Ab Initio Electronic Structure Package\n                               Psi4 1.4a2.dev923 \n\n                         Git: Rev {master} 5de566e \n\n\n    D. G. A. Smith, L. A. Burns, A. C. Simmonett, R. M. Parrish,\n    M. C. Schieber, R. Galvelis, P. Kraus, H. Kruse, R. Di Remigio,\n    A. Alenaizan, A. M. James, S. Lehtola, J. P. Misiewicz, M. Scheurer,\n    R. A. Shaw, J. B. Schriber, Y. Xie, Z. L. Glick, D. A. Sirianni,\n    J. S. O'Brien, J. M. Waldrop, A. Kumar, E. G. Hohenstein,\n    B. P. Pritchard, B. R. Brooks, H. F. Schaefer III, A. Yu. Sokolov,\n    K. Patkowski, A. E. DePrince III, U. Bozkaya, R. A. King,\n    F. A. Evangelista, J. M. Turney, T. D. Crawford, C. D. Sherrill,\n    J. Chem. Phys. 152(18) 184108 (2020). https://doi.org/10.1063/5.0006002\n\n                            Additional Code Authors\n    E. T. Seidl, C. L. Janssen, E. F. Valeev, M. L. Leininger,\n    J. F. Gonthier, R. M. Richard, H. R. McAlexander, M. Saitow, X. Wang,\n    P. Verma, and M. H. Lechner\n\n             Previous Authors, Complete List of Code Contributors,\n                       and Citations for Specific Modules\n    https://github.com/psi4/psi4/blob/master/codemeta.json\n    https://github.com/psi4/psi4/graphs/contributors\n    http://psicode.org/psi4manual/master/introduction.html#citing-psifour\n\n    -----------------------------------------------------------------------\n\n\n    Psi4 started on: Tuesday, 10 November 2020 01:59AM\n\n    Process ID: 647579\n    Host:       bignimbus\n    PSIDATADIR: /home/ubuntu/pk/Applications/miniconda3/envs/psi4-1.4a2.dev923/share/psi4\n    Memory:     22.4 GiB\n    Threads:    16\n    \n  ==> Input QCSchema <==\n\n--------------------------------------------------------------------------\n{'driver': 'energy',\n 'extras': {},\n 'id': None,\n 'keywords': {'dft_radial_points': 150, 'dft_spherical_points': 974, 'guess': 'SAP', 'reference': 'RKS'},\n 'model': {'basis': 'cc-pvtz', 'method': 'pbe0-d3bj'},\n 'molecule': {'fix_com': False,\n              'fix_orientation': False,\n              'geometry': [0.0, 0.0, 0.0, 0.0, 0.0, 2.89562245, 2.21208552, 0.0, 3.6339964, 3.11929502, 2.74408715,\n                           3.81172096],\n              'molecular_charge': 0.0,\n              'molecular_multiplicity': 1,\n              'name': 'F2O2',\n              'provenance': {'creator': 'QCElemental',\n                             'routine': 'qcelemental.molparse.from_schema',\n                             'version': 'v0.17.0'},\n              'schema_name': 'qcschema_molecule',\n              'schema_version': 2,\n              'symbols': ['F', 'O', 'O', 'F'],\n              'validated': True},\n 'protocols': {},\n 'provenance': {'creator': 'QCElemental', 'routine': 'qcelemental.models.results', 'version': 'v0.17.0'},\n 'schema_name': 'qcschema_input',\n 'schema_version': 1}\n--------------------------------------------------------------------------\n\nScratch directory: /tmp/tmpas9n15u6_psi_scratch/\n\n*** tstart() called on bignimbus\n*** at Tue Nov 10 01:59:39 2020\n\n   => Loading Basis Set <=\n\n    Name: CC-PVTZ\n    Role: ORBITAL\n    Keyword: BASIS\n    atoms 1, 4 entry F          line   300 file /home/ubuntu/pk/Applications/miniconda3/envs/psi4-1.4a2.dev923/share/psi4/basis/cc-pvtz.gbs \n    atoms 2-3  entry O          line   262 file /home/ubuntu/pk/Applications/miniconda3/envs/psi4-1.4a2.dev923/share/psi4/basis/cc-pvtz.gbs \n\n   => PBE0-D3(BJ): Empirical Dispersion <=\n\n    Grimme's -D3 (BJ-damping) Dispersion Correction\n    Grimme S.; Ehrlich S.; Goerigk L. (2011), J. Comput. Chem., 32: 1456\n\n        s6 =       1.000000\n        s8 =       1.217700\n        a1 =       0.414500\n        a2 =       4.859300\n\n\n         ---------------------------------------------------------\n                                   SCF\n               by Justin Turney, Rob Parrish, Andy Simmonett\n                          and Daniel G. A. Smith\n                              RKS Reference\n                       16 Threads,  22888 MiB Core\n         ---------------------------------------------------------\n\n  ==> Geometry <==\n\n    Molecular point group: c2\n    Full point group: C2\n\n    Geometry (in Bohr), charge = 0, multiplicity = 1:\n\n       Center              X                  Y                   Z               Mass       \n    ------------   -----------------  -----------------  -----------------  -----------------\n         F            2.319611402297     1.602095826942     0.906711958370    18.998403162730\n         O            0.262303309416     1.136145493908    -1.076972259452    15.994914619570\n         O           -0.262303309416    -1.136145493908    -1.076972259452    15.994914619570\n         F           