{
 "id": null,
 "schema_name": "qcschema_output",
 "schema_version": 1,
 "molecule": {
  "schema_name": "qcschema_molecule",
  "schema_version": 2,
  "validated": true,
  "symbols": [
   "O",
   "H",
   "H"
  ],
  "geometry": [
   0.11456970436439831,
   0.052319353292609054,
   0.0,
   -0.3121783300526456,
   -1.7224346753633795,
   0.0,
   -1.5061260191091428,
   0.8920885715215823,
   0.0
  ],
  "name": "H2O",
  "molecular_charge": 0.0,
  "molecular_multiplicity": 1,
  "fix_com": false,
  "fix_orientation": false,
  "provenance": {
   "creator": "QCElemental",
   "version": "v0.17.0",
   "routine": "qcelemental.molparse.from_schema"
  }
 },
 "driver": "energy",
 "model": {
  "method": "pbe0-d3bj",
  "basis": "aug-cc-pvtz"
 },
 "keywords": {
  "reference": "RKS",
  "dft_spherical_points": 974,
  "dft_radial_points": 150,
  "guess": "SAP"
 },
 "protocols": {},
 "extras": {
  "qcvars": {
   "2-BODY DISPERSION CORRECTION ENERGY": -0.00027689,
   "CURRENT DIPOLE X": -1.7033714447482051,
   "CURRENT DIPOLE Y": -0.7778609815625847,
   "CURRENT DIPOLE Z": 0.0,
   "CURRENT ENERGY": -76.38017362925801,
   "CURRENT REFERENCE ENERGY": -76.38017362925801,
   "DFT FUNCTIONAL TOTAL ENERGY": -76.37989673925802,
   "DFT TOTAL ENERGY": -76.38017362925801,
   "DFT VV10 ENERGY": 0.0,
   "DFT XC ENERGY": -7.0095735561131605,
   "DISPERSION CORRECTION ENERGY": -0.00027689,
   "NUCLEAR REPULSION ENERGY": 9.113408272026902,
   "ONE-ELECTRON ENERGY": -122.89033180455306,
   "PBE0-D3(BJ) DISPERSION CORRECTION ENERGY": -0.00027689,
   "PCM POLARIZATION ENERGY": 0.0,
   "PE ENERGY": 0.0,
   "SCF DIPOLE X": -1.7033714447482051,
   "SCF DIPOLE Y": -0.7778609815625847,
   "SCF DIPOLE Z": 0.0,
   "SCF ITERATION ENERGY": -76.38017362925801,
   "SCF ITERATIONS": 7.0,
   "SCF TOTAL ENERGY": -76.38017362925801,
   "TWO-ELECTRON ENERGY": 44.4066003493813,
   "XC GRID RADIAL POINTS": 150.0,
   "XC GRID SPHERICAL POINTS": 974.0,
   "XC GRID TOTAL POINTS": 427023.0,
   "CURRENT DIPOLE": [
    -0.6701578922155034,
    -0.3060340581896523,
    0.0
   ],
   "SCF DIPOLE": [
    -0.6701578922155034,
    -0.3060340581896523,
    0.0
   ]
  }
 },
 "provenance": {
  "creator": "Psi4",
  "version": "1.4a2.dev923",
  "routine": "psi4.schema_runner.run_qcschema",
  "cpu": "AMD EPYC Processor (with IBPB)",
  "username": "ubuntu",
  "hostname": "bignimbus",
  "memory": 24.0,
  "wall_time": 22.75104069709778,
  "nthreads": 16,
  "qcengine_version": "v0.17.0"
 },
 "properties": {
  "calcinfo_nbasis": 92,
  "calcinfo_nmo": 92,
  "calcinfo_nalpha": 5,
  "calcinfo_nbeta": 5,
  "calcinfo_natom": 3,
  "nuclear_repulsion_energy": 9.113408272026902,
  "return_energy": -76.38017362925801,
  "scf_one_electron_energy": -122.89033180455306,
  "scf_two_electron_energy": 44.4066003493813,
  "scf_xc_energy": -7.0095735561131605,
  "scf_dispersion_correction_energy": -0.00027689,
  "scf_dipole_moment": [
   -0.6701578922155034,
   -0.3060340581896523,
   0.0
  ],
  "scf_total_energy": -76.38017362925801,
  "scf_iterations": 7
 },
 "wavefunction": null,
 "return_result": -76.38017362925801,
 "stdout": "\n    -----------------------------------------------------------------------\n          Psi4: An Open-Source Ab Initio Electronic Structure Package\n                               Psi4 1.4a2.dev923 \n\n                         Git: Rev {master} 5de566e \n\n\n    D. G. A. Smith, L. A. Burns, A. C. Simmonett, R. M. Parrish,\n    M. C. Schieber, R. Galvelis, P. Kraus, H. Kruse, R. Di Remigio,\n    A. Alenaizan, A. M. James, S. Lehtola, J. P. Misiewicz, M. Scheurer,\n    R. A. Shaw, J. B. Schriber, Y. Xie, Z. L. Glick, D. A. Sirianni,\n    J. S. O'Brien, J. M. Waldrop, A. Kumar, E. G. Hohenstein,\n    B. P. Pritchard, B. R. Brooks, H. F. Schaefer III, A. Yu. Sokolov,\n    K. Patkowski, A. E. DePrince III, U. Bozkaya, R. A. King,\n    F. A. Evangelista, J. M. Turney, T. D. Crawford, C. D. Sherrill,\n    J. Chem. Phys. 152(18) 184108 (2020). https://doi.org/10.1063/5.0006002\n\n                            Additional Code Authors\n    E. T. Seidl, C. L. Janssen, E. F. Valeev, M. L. Leininger,\n    J. F. Gonthier, R. M. Richard, H. R. McAlexander, M. Saitow, X. Wang,\n    P. Verma, and M. H. Lechner\n\n             Previous Authors, Complete List of Code Contributors,\n                       and Citations for Specific Modules\n    https://github.com/psi4/psi4/blob/master/codemeta.json\n    https://github.com/psi4/psi4/graphs/contributors\n    http://psicode.org/psi4manual/master/introduction.html#citing-psifour\n\n    -----------------------------------------------------------------------\n\n\n    Psi4 started on: Tuesday, 10 November 2020 06:58PM\n\n    Process ID: 835094\n    Host:       bignimbus\n    PSIDATADIR: /home/ubuntu/pk/Applications/miniconda3/envs/psi4-1.4a2.dev923/share/psi4\n    Memory:     22.4 GiB\n    Threads:    16\n    \n  ==> Input QCSchema <==\n\n--------------------------------------------------------------------------\n{'driver': 'energy',\n 'extras': {},\n 'id': None,\n 'keywords': {'dft_radial_points': 150, 'dft_spherical_points': 974, 'guess': 'SAP', 'reference': 'RKS'},\n 'model': {'basis': 'aug-cc-pvtz', 'method': 'pbe0-d3bj'},\n 'molecule': {'fix_com': False,\n              'fix_orientation': False,\n              'geometry': [-3.07390685, -0.07521761, 0.7033572, -1.32942107, -0.17686585, 0.17581313, -3.89935389,\n                           -1.3882744, -0.25913229],\n              'molecular_charge': 0.0,\n              'molecular_multiplicity': 1,\n              'name': 'H2O',\n              'provenance': {'creator': 'QCElemental',\n                             'routine': 'qcelemental.molparse.from_schema',\n                             'version': 'v0.17.0'},\n              'schema_name': 'qcschema_molecule',\n              'schema_version': 2,\n              'symbols': ['O', 'H', 'H'],\n              'validated': True},\n 'protocols': {},\n 'provenance': {'creator': 'QCElemental', 'routine': 'qcelemental.models.results', 'version': 'v0.17.0'},\n 'schema_name': 'qcschema_input',\n 'schema_version': 1}\n--------------------------------------------------------------------------\n\nScratch directory: /tmp/tmp4oam2qs9_psi_scratch/\n\n*** tstart() called on bignimbus\n*** at Tue Nov 10 18:58:37 2020\n\n   => Loading Basis Set <=\n\n    Name: AUG-CC-PVTZ\n    Role: ORBITAL\n    Keyword: BASIS\n    atoms 1   entry O          line   331 file /home/ubuntu/pk/Applications/miniconda3/envs/psi4-1.4a2.dev923/share/psi4/basis/aug-cc-pvtz.gbs \n    atoms 2-3 entry H          line    40 file /home/ubuntu/pk/Applications/miniconda3/envs/psi4-1.4a2.dev923/share/psi4/basis/aug-cc-pvtz.gbs \n\n   => PBE0-D3(BJ): Empirical Dispersion <=\n\n    Grimme's -D3 (BJ-damping) Dispersion Correction\n    Grimme S.; Ehrlich S.; Goerigk L. (2011), J. Comput. Chem., 32: 1456\n\n        s6 =       1.000000\n        s8 =       1.217700\n        a1 =       0.414500\n        a2 =       4.859300\n\n\n         ---------------------------------------------------------\n                                   SCF\n               by Justin Turney, Rob Parrish, Andy Simmonett\n                          and Daniel G. A. Smith\n                              RKS Reference\n                       16 Threads,  22888 MiB Core\n         ---------------------------------------------------------\n\n  ==> Geometry <==\n\n    Molecular point group: cs\n    Full point group: Cs\n\n    Geometry (in Bohr), charge = 0, multiplicity = 1:\n\n       Center              X                  Y                   Z               Mass       \n    ------------   -----------------  -----------------  -----------------  -----------------\n         O            0.114569704364     0.052319353293     0.000000000000    15.994914619570\n         H           -0.312178330053    -1.722434675363     0.000000000000     1.007825032230\n         H           -1.506126019109     0.892088571522     0.000000000000     1.007825032230\n\n  Running in cs symmetry.\n\n  Rotational 