{
 "id": null,
 "schema_name": "qcschema_output",
 "schema_version": 1,
 "molecule": {
  "schema_name": "qcschema_molecule",
  "schema_version": 2,
  "validated": true,
  "symbols": [
   "B",
   "Cl",
   "Cl",
   "Cl"
  ],
  "geometry": [
   0.0,
   7.998710959982782e-26,
   1.5083721751975383e-09,
   0.0,
   0.0,
   3.305715209409679,
   -2.862833347487394,
   -8.764899239990974e-17,
   -1.6528576049422812,
   2.862833347487394,
   8.764899237472725e-17,
   -1.6528576049422812
  ],
  "name": "BCl3",
  "molecular_charge": 0.0,
  "molecular_multiplicity": 1,
  "fix_com": false,
  "fix_orientation": false,
  "provenance": {
   "creator": "QCElemental",
   "version": "v0.16.0",
   "routine": "qcelemental.molparse.from_schema"
  }
 },
 "driver": "energy",
 "model": {
  "method": "pbe0-d3bj",
  "basis": "def2-tzvpd"
 },
 "keywords": {
  "reference": "RKS",
  "dft_spherical_points": 974,
  "dft_radial_points": 150,
  "guess": "SAP"
 },
 "protocols": {},
 "extras": {
  "qcvars": {
   "2-BODY DISPERSION CORRECTION ENERGY": -0.00410886,
   "CURRENT DIPOLE X": -3.386286520383787e-15,
   "CURRENT DIPOLE Y": 1.2531777543026283e-31,
   "CURRENT DIPOLE Z": 7.02629017452819e-07,
   "CURRENT ENERGY": -1405.1409777715346,
   "CURRENT REFERENCE ENERGY": -1405.1409777715346,
   "DFT FUNCTIONAL TOTAL ENERGY": -1405.1368689115345,
   "DFT TOTAL ENERGY": -1405.1409777715346,
   "DFT VV10 ENERGY": 0.0,
   "DFT XC ENERGY": -66.74174150915347,
   "DISPERSION CORRECTION ENERGY": -0.00410886,
   "NUCLEAR REPULSION ENERGY": 228.56254568499082,
   "ONE-ELECTRON ENERGY": -2394.6506592996266,
   "PBE0-D3(BJ) DISPERSION CORRECTION ENERGY": -0.00410886,
   "PCM POLARIZATION ENERGY": 0.0,
   "PE ENERGY": 0.0,
   "SCF DIPOLE X": -3.386286520383787e-15,
   "SCF DIPOLE Y": 1.2531777543026283e-31,
   "SCF DIPOLE Z": 7.02629017452819e-07,
   "SCF ITERATION ENERGY": -1405.1409777715346,
   "SCF ITERATIONS": 8.0,
   "SCF TOTAL ENERGY": -1405.1409777715346,
   "TWO-ELECTRON ENERGY": 827.6929862122548,
   "XC GRID RADIAL POINTS": 150.0,
   "XC GRID SPHERICAL POINTS": 974.0,
   "XC GRID TOTAL POINTS": 561267.0,
   "CURRENT DIPOLE": [
    -1.3322676295501878e-15,
    4.930380657631324e-32,
    2.764355260254092e-07
   ],
   "SCF DIPOLE": [
    -1.3322676295501878e-15,
    4.930380657631324e-32,
    2.764355260254092e-07
   ]
  }
 },
 "provenance": {
  "creator": "Psi4",
  "version": "1.4a2.dev923",
  "routine": "psi4.schema_runner.run_qcschema",
  "memory": 120.0,
  "nthreads": 28,
  "cpu": "Intel(R) Xeon(R) CPU E5-2680 v4 @ 2.40GHz",
  "wall_time": 14.569867372512817,
  "hostname": "z051",
  "username": "kraus",
  "qcengine_version": "v0.16.0"
 },
 "properties": {
  "calcinfo_nbasis": 175,
  "calcinfo_nmo": 175,
  "calcinfo_nalpha": 28,
  "calcinfo_nbeta": 28,
  "calcinfo_natom": 4,
  "nuclear_repulsion_energy": 228.56254568499082,
  "return_energy": -1405.1409777715346,
  "scf_one_electron_energy": -2394.6506592996266,
  "scf_two_electron_energy": 827.6929862122548,
  "scf_xc_energy": -66.74174150915347,
  "scf_dispersion_correction_energy": -0.00410886,
  "scf_dipole_moment": [
   -1.3322676295501878e-15,
   4.930380657631324e-32,
   2.764355260254092e-07
  ],
  "scf_total_energy": -1405.1409777715346,
  "scf_iterations": 8
 },
 "wavefunction": null,
 "return_result": -1405.1409777715346,
 "stdout": "\n    -----------------------------------------------------------------------\n          Psi4: An Open-Source Ab Initio Electronic Structure Package\n                               Psi4 1.4a2.dev923 \n\n                         Git: Rev {master} 5de566e \n\n\n    D. G. A. Smith, L. A. Burns, A. C. Simmonett, R. M. Parrish,\n    M. C. Schieber, R. Galvelis, P. Kraus, H. Kruse, R. Di Remigio,\n    A. Alenaizan, A. M. James, S. Lehtola, J. P. Misiewicz, M. Scheurer,\n    R. A. Shaw, J. B. Schriber, Y. Xie, Z. L. Glick, D. A. Sirianni,\n    J. S. O'Brien, J. M. Waldrop, A. Kumar, E. G. Hohenstein,\n    B. P. Pritchard, B. R. Brooks, H. F. Schaefer III, A. Yu. Sokolov,\n    K. Patkowski, A. E. DePrince III, U. Bozkaya, R. A. King,\n    F. A. Evangelista, J. M. Turney, T. D. Crawford, C. D. Sherrill,\n    J. Chem. Phys. 152(18) 184108 (2020). https://doi.org/10.1063/5.0006002\n\n                            Additional Code Authors\n    E. T. Seidl, C. L. Janssen, E. F. Valeev, M. L. Leininger,\n    J. F. Gonthier, R. M. Richard, H. R. McAlexander, M. Saitow, X. Wang,\n    P. Verma, and M. H. Lechner\n\n             Previous Authors, Complete List of Code Contributors,\n                       and Citations for Specific Modules\n    https://github.com/psi4/psi4/blob/master/codemeta.json\n    https://github.com/psi4/psi4/graphs/contributors\n    http://psicode.org/psi4manual/master/introduction.html#citing-psifour\n\n    -----------------------------------------------------------------------\n\n\n    Psi4 started on: Friday, 30 October 2020 08:18AM\n\n    Process ID: 9975\n    Host:       z051\n    PSIDATADIR: /group/f97/kraus/miniconda3/envs/psi4-1.4a2.dev923/share/psi4\n    Memory:     111.8 GiB\n    Threads:    28\n    \n  ==> Input QCSchema <==\n\n--------------------------------------------------------------------------\n{'driver': 'energy',\n 'extras': {},\n 'id': None,\n 'keywords': {'dft_radial_points': 150, 'dft_spherical_points': 974, 'guess': 'SAP', 'reference': 'RKS'},\n 'model': {'basis': 'def2-tzvpd', 'method': 'pbe0-d3bj'},\n 'molecule': {'fix_com': False,\n              'fix_orientation': False,\n              'geometry': [0.0, 0.0, 0.0, -1.6528576, 2.86283335, 0.0, -1.6528576, -2.86283335, 0.0, 3.30571521, 0.0,\n                           0.0],\n              'molecular_charge': 0.0,\n              'molecular_multiplicity': 1,\n              'name': 'BCl3',\n              'provenance': {'creator': 'QCElemental',\n                             'routine': 'qcelemental.molparse.from_schema',\n                             'version': 'v0.16.0'},\n              'schema_name': 'qcschema_molecule',\n              'schema_version': 2,\n              'symbols': ['B', 'Cl', 'Cl', 'Cl'],\n              'validated': True},\n 'protocols': {},\n 'provenance': {'creator': 'QCElemental', 'routine': 'qcelemental.models.results', 'version': 'v0.16.0'},\n 'schema_name': 'qcschema_input',\n 'schema_version': 1}\n--------------------------------------------------------------------------\n\nScratch directory: /tmp/tmpjotx7d4h_psi_scratch/\n\n*** tstart() called on z051\n*** at Fri Oct 30 08:18:36 2020\n\n   => Loading Basis Set <=\n\n    Name: DEF2-TZVPD\n    Role: ORBITAL\n    Keyword: BASIS\n    atoms 1   entry B          line    97 file /group/f97/kraus/miniconda3/envs/psi4-1.4a2.dev923/share/psi4/basis/def2-tzvpd.gbs \n    atoms 2-4 entry CL         line   593 file /group/f97/kraus/miniconda3/envs/psi4-1.4a2.dev923/share/psi4/basis/def2-tzvpd.gbs \n\n   => PBE0-D3(BJ): Empirical Dispersion <=\n\n    Grimme's -D3 (BJ-damping) Dispersion Correction\n    Grimme S.; Ehrlich S.; Goerigk L. (2011), J. Comput. Chem., 32: 1456\n\n        s6 =       1.000000\n        s8 =       1.217700\n        a1 =       0.414500\n        a2 =       4.859300\n\n\n         ---------------------------------------------------------\n                                   SCF\n               by Justin Turney, Rob Parrish, Andy Simmonett\n                          and Daniel G. A. Smith\n                              RKS Reference\n                       28 Threads, 114440 MiB Core\n         ---------------------------------------------------------\n\n  ==> Geometry <==\n\n    Molecular point group: c2v\n    Full point group: D1h\n\n    Geometry (in Bohr), charge = 0, multiplicity = 1:\n\n       Center              X                  Y                   Z               Mass       \n    ------------   -----------------  -----------------  -----------------  -----------------\n         B            0.000000000000     0.000000000000     0.000000001508    11.009305360000\n         CL           0.000000000000     0.000000000000     