{
 "id": null,
 "schema_name": "qcschema_output",
 "schema_version": 1,
 "molecule": {
  "schema_name": "qcschema_molecule",
  "schema_version": 2,
  "validated": true,
  "symbols": [
   "C",
   "N",
   "H",
   "H",
   "H",
   "H",
   "H"
  ],
  "geometry": [
   0.055128195348921494,
   1.3986789845971892,
   0.0,
   0.055128195348921494,
   -1.36708637540281,
   0.0,
   -1.8225981746510787,
   2.2673293945971893,
   0.0,
   -0.8708376046510785,
   -2.03504787540281,
   1.5306403699999998,
   -0.8708376046510785,
   -2.03504787540281,
   -1.5306403699999998,
   1.0709504753489214,
   2.0718561245971894,
   1.6581968799999998,
   1.0709504753489214,
   2.0718561245971894,
   -1.6581968799999998
  ],
  "name": "CH5N",
  "molecular_charge": 0.0,
  "molecular_multiplicity": 1,
  "fix_com": false,
  "fix_orientation": false,
  "provenance": {
   "creator": "QCElemental",
   "version": "v0.17.0",
   "routine": "qcelemental.molparse.from_schema"
  }
 },
 "driver": "energy",
 "model": {
  "method": "pbe-d3bj",
  "basis": "cc-pwcvdz"
 },
 "keywords": {
  "reference": "RKS",
  "dft_spherical_points": 974,
  "dft_radial_points": 150,
  "guess": "SAP"
 },
 "protocols": {},
 "extras": {
  "qcvars": {
   "2-BODY DISPERSION CORRECTION ENERGY": -0.00266665,
   "CURRENT DIPOLE X": -1.1936192955647271,
   "CURRENT DIPOLE Y": 0.1930839171651728,
   "CURRENT DIPOLE Z": 0.0,
   "CURRENT ENERGY": -95.72963070003988,
   "CURRENT REFERENCE ENERGY": -95.72963070003988,
   "DFT FUNCTIONAL TOTAL ENERGY": -95.72696405003988,
   "DFT TOTAL ENERGY": -95.72963070003988,
   "DFT VV10 ENERGY": 0.0,
   "DFT XC ENERGY": -14.09156144444864,
   "DISPERSION CORRECTION ENERGY": -0.00266665,
   "NUCLEAR REPULSION ENERGY": 42.05885113860161,
   "ONE-ELECTRON ENERGY": -211.7284310322763,
   "PBE-D3(BJ) DISPERSION CORRECTION ENERGY": -0.00266665,
   "PCM POLARIZATION ENERGY": 0.0,
   "PE ENERGY": 0.0,
   "SCF DIPOLE X": -1.1936192955647271,
   "SCF DIPOLE Y": 0.1930839171651728,
   "SCF DIPOLE Z": 0.0,
   "SCF ITERATION ENERGY": -95.72963070003988,
   "SCF ITERATIONS": 9.0,
   "SCF TOTAL ENERGY": -95.72963070003988,
   "TWO-ELECTRON ENERGY": 88.03417728808343,
   "XC GRID RADIAL POINTS": 150.0,
   "XC GRID SPHERICAL POINTS": 974.0,
   "XC GRID TOTAL POINTS": 969977.0,
   "CURRENT DIPOLE": [
    -0.46960596509333635,
    0.07596505820681565,
    0.0
   ],
   "SCF DIPOLE": [
    -0.46960596509333635,
    0.07596505820681565,
    0.0
   ]
  }
 },
 "provenance": {
  "creator": "Psi4",
  "version": "1.4a2.dev923",
  "routine": "psi4.schema_runner.run_qcschema",
  "username": "ubuntu",
  "nthreads": 16,
  "wall_time": 11.081283569335938,
  "qcengine_version": "v0.17.0",
  "hostname": "bignimbus",
  "memory": 64.0,
  "cpu": "AMD EPYC Processor (with IBPB)"
 },
 "properties": {
  "calcinfo_nbasis": 61,
  "calcinfo_nmo": 61,
  "calcinfo_nalpha": 9,
  "calcinfo_nbeta": 9,
  "calcinfo_natom": 7,
  "nuclear_repulsion_energy": 42.05885113860161,
  "return_energy": -95.72963070003988,
  "scf_one_electron_energy": -211.7284310322763,
  "scf_two_electron_energy": 88.03417728808343,
  "scf_xc_energy": -14.09156144444864,
  "scf_dispersion_correction_energy": -0.00266665,
  "scf_dipole_moment": [
   -0.46960596509333635,
   0.07596505820681565,
   0.0
  ],
  "scf_total_energy": -95.72963070003988,
  "scf_iterations": 9
 },
 "wavefunction": null,
 "return_result": -95.72963070003988,
 "stdout": "\n    -----------------------------------------------------------------------\n          Psi4: An Open-Source Ab Initio Electronic Structure Package\n                               Psi4 1.4a2.dev923 \n\n                         Git: Rev {master} 5de566e \n\n\n    D. G. A. Smith, L. A. Burns, A. C. Simmonett, R. M. Parrish,\n    M. C. Schieber, R. Galvelis, P. Kraus, H. Kruse, R. Di Remigio,\n    A. Alenaizan, A. M. James, S. Lehtola, J. P. Misiewicz, M. Scheurer,\n    R. A. Shaw, J. B. Schriber, Y. Xie, Z. L. Glick, D. A. Sirianni,\n    J. S. O'Brien, J. M. Waldrop, A. Kumar, E. G. Hohenstein,\n    B. P. Pritchard, B. R. Brooks, H. F. Schaefer III, A. Yu. Sokolov,\n    K. Patkowski, A. E. DePrince III, U. Bozkaya, R. A. King,\n    F. A. Evangelista, J. M. Turney, T. D. Crawford, C. D. Sherrill,\n    J. Chem. Phys. 152(18) 184108 (2020). https://doi.org/10.1063/5.0006002\n\n                            Additional Code Authors\n    E. T. Seidl, C. L. Janssen, E. F. Valeev, M. L. Leininger,\n    J. F. Gonthier, R. M. Richard, H. R. McAlexander, M. Saitow, X. Wang,\n    P. Verma, and M. H. Lechner\n\n             Previous Authors, Complete List of Code Contributors,\n                       and Citations for Specific Modules\n    https://github.com/psi4/psi4/blob/master/codemeta.json\n    https://github.com/psi4/psi4/graphs/contributors\n    http://psicode.org/psi4manual/master/introduction.html#citing-psifour\n\n    -----------------------------------------------------------------------\n\n\n    Psi4 started on: Thursday, 28 January 2021 05:15PM\n\n    Process ID: 606358\n    Host:       bignimbus\n    PSIDATADIR: /home/ubuntu/pk/Applications/miniconda3/envs/psi4-1.4a2.dev923/share/psi4\n    Memory:     59.6 GiB\n    Threads:    16\n    \n  ==> Input QCSchema <==\n\n--------------------------------------------------------------------------\n{'driver': 'energy',\n 'extras': {},\n 'id': None,\n 'keywords': {'dft_radial_points': 150, 'dft_spherical_points': 974, 'guess': 'SAP', 'reference': 'RKS'},\n 'model': {'basis': 'cc-pwcvdz', 'method': 'pbe-d3bj'},\n 'molecule': {'fix_com': False,\n              'fix_orientation': False,\n              'geometry': [0.09433513, 1.33405216, 0.0, 0.09433513, -1.4317132, 0.0, -1.78339124, 2.20270257, 0.0,\n                           -0.83163067, -2.0996747, 1.53064037, -0.83163067, -2.0996747, -1.53064037, 1.11015741,\n                           2.0072293, 1.65819688, 1.11015741, 2.0072293, -1.65819688],\n              'molecular_charge': 0.0,\n              'molecular_multiplicity': 1,\n              'name': 'CH5N',\n              'provenance': {'creator': 'QCElemental',\n                             'routine': 'qcelemental.molparse.from_schema',\n                             'version': 'v0.17.0'},\n              'schema_name': 'qcschema_molecule',\n              'schema_version': 2,\n              'symbols': ['C', 'N', 'H', 'H', 'H', 'H', 'H'],\n              'validated': True},\n 'protocols': {},\n 'provenance': {'creator': 'QCElemental', 'routine': 'qcelemental.models.results', 'version': 'v0.17.0'},\n 'schema_name': 'qcschema_input',\n 'schema_version': 1}\n--------------------------------------------------------------------------\n\nScratch directory: /home/ubuntu/pk/scratch/tmpf7yfp1pm_psi_scratch/\n\n*** tstart() called on bignimbus\n*** at Thu Jan 28 17:15:24 2021\n\n   => Loading Basis Set <=\n\n    Name: CC-PWCVDZ\n    Role: ORBITAL\n    Keyword: BASIS\n    atoms 1   entry C          line   173 file /home/ubuntu/pk/Applications/miniconda3/envs/psi4-1.4a2.dev923/share/psi4/basis/cc-pwcvdz.gbs \n    atoms 2   entry N          line   207 file /home/ubuntu/pk/Applications/miniconda3/envs/psi4-1.4a2.dev923/share/psi4/basis/cc-pwcvdz.gbs \n    atoms 3-7 entry H          line    45 file /home/ubuntu/pk/Applications/miniconda3/envs/psi4-1.4a2.dev923/share/psi4/basis/cc-pwcvdz.gbs \n\n   => PBE-D3(BJ): Empirical Dispersion <=\n\n    Grimme's -D3 (BJ-damping) Dispersion Correction\n    Grimme S.; Ehrlich S.; Goerigk L. (2011), J. Comput. Chem., 32: 1456\n\n        s6 =       1.000000\n        s8 =       0.787500\n        a1 =       0.428900\n        a2 =       4.440700\n\n\n         ---------------------------------------------------------\n                                   SCF\n               by Justin Turney, Rob Parrish, Andy Simmonett\n                          and Daniel G. A. Smith\n                              RKS Reference\n                       16 Threads,  61035 MiB Core\n         ---------------------------------------------------------\n\n  ==> Geometry <==\n\n    Molecular 