{
 "id": null,
 "schema_name": "qcschema_output",
 "schema_version": 1,
 "molecule": {
  "schema_name": "qcschema_molecule",
  "schema_version": 2,
  "validated": true,
  "symbols": [
   "C",
   "Cl",
   "Cl",
   "Cl",
   "Cl"
  ],
  "geometry": [
   0.0,
   0.0,
   0.0,
   2.761859611532677,
   8.455756332394613e-17,
   1.95292966,
   -2.761859611532677,
   -8.455756332394613e-17,
   1.95292966,
   8.455756332394613e-17,
   -2.761859611532677,
   -1.95292966,
   -8.455756332394613e-17,
   2.761859611532677,
   -1.95292966
  ],
  "name": "CCl4",
  "molecular_charge": 0.0,
  "molecular_multiplicity": 1,
  "fix_com": false,
  "fix_orientation": false,
  "provenance": {
   "creator": "QCElemental",
   "version": "v0.17.0",
   "routine": "qcelemental.molparse.from_schema"
  }
 },
 "driver": "energy",
 "model": {
  "method": "pbe0-d3bj",
  "basis": "cc-pwcvdz"
 },
 "keywords": {
  "reference": "RKS",
  "dft_spherical_points": 974,
  "dft_radial_points": 150,
  "guess": "SAP"
 },
 "protocols": {},
 "extras": {
  "qcvars": {
   "2-BODY DISPERSION CORRECTION ENERGY": -0.00691473,
   "CURRENT DIPOLE X": 0.0,
   "CURRENT DIPOLE Y": 0.0,
   "CURRENT DIPOLE Z": 4.7137221239959663e-07,
   "CURRENT ENERGY": -1878.2723210334655,
   "CURRENT REFERENCE ENERGY": -1878.2723210334655,
   "DFT FUNCTIONAL TOTAL ENERGY": -1878.2654063034654,
   "DFT TOTAL ENERGY": -1878.2723210334655,
   "DFT VV10 ENERGY": 0.0,
   "DFT XC ENERGY": -88.93593702408049,
   "DISPERSION CORRECTION ENERGY": -0.00691473,
   "NUCLEAR REPULSION ENERGY": 434.5371502617785,
   "ONE-ELECTRON ENERGY": -3458.90909021099,
   "PBE0-D3(BJ) DISPERSION CORRECTION ENERGY": -0.00691473,
   "PCM POLARIZATION ENERGY": 0.0,
   "PE ENERGY": 0.0,
   "SCF DIPOLE X": 0.0,
   "SCF DIPOLE Y": 0.0,
   "SCF DIPOLE Z": 4.7137221239959663e-07,
   "SCF ITERATION ENERGY": -1878.2723210334655,
   "SCF ITERATIONS": 9.0,
   "SCF TOTAL ENERGY": -1878.2723210334655,
   "TWO-ELECTRON ENERGY": 1235.0424706698266,
   "XC GRID RADIAL POINTS": 150.0,
   "XC GRID SPHERICAL POINTS": 974.0,
   "XC GRID TOTAL POINTS": 650202.0,
   "CURRENT DIPOLE": [
    0.0,
    0.0,
    1.85452098122596e-07
   ],
   "SCF DIPOLE": [
    0.0,
    0.0,
    1.85452098122596e-07
   ]
  }
 },
 "provenance": {
  "creator": "Psi4",
  "version": "1.4a2.dev923",
  "routine": "psi4.schema_runner.run_qcschema",
  "hostname": "bignimbus",
  "cpu": "AMD EPYC Processor (with IBPB)",
  "qcengine_version": "v0.17.0",
  "nthreads": 16,
  "memory": 64.0,
  "wall_time": 11.477974653244019,
  "username": "ubuntu"
 },
 "properties": {
  "calcinfo_nbasis": 126,
  "calcinfo_nmo": 126,
  "calcinfo_nalpha": 37,
  "calcinfo_nbeta": 37,
  "calcinfo_natom": 5,
  "nuclear_repulsion_energy": 434.5371502617785,
  "return_energy": -1878.2723210334655,
  "scf_one_electron_energy": -3458.90909021099,
  "scf_two_electron_energy": 1235.0424706698266,
  "scf_xc_energy": -88.93593702408049,
  "scf_dispersion_correction_energy": -0.00691473,
  "scf_dipole_moment": [
   0.0,
   0.0,
   1.85452098122596e-07
  ],
  "scf_total_energy": -1878.2723210334655,
  "scf_iterations": 9
 },
 "wavefunction": null,
 "return_result": -1878.2723210334655,
 "stdout": "\n    -----------------------------------------------------------------------\n          Psi4: An Open-Source Ab Initio Electronic Structure Package\n                               Psi4 1.4a2.dev923 \n\n                         Git: Rev {master} 5de566e \n\n\n    D. G. A. Smith, L. A. Burns, A. C. Simmonett, R. M. Parrish,\n    M. C. Schieber, R. Galvelis, P. Kraus, H. Kruse, R. Di Remigio,\n    A. Alenaizan, A. M. James, S. Lehtola, J. P. Misiewicz, M. Scheurer,\n    R. A. Shaw, J. B. Schriber, Y. Xie, Z. L. Glick, D. A. Sirianni,\n    J. S. O'Brien, J. M. Waldrop, A. Kumar, E. G. Hohenstein,\n    B. P. Pritchard, B. R. Brooks, H. F. Schaefer III, A. Yu. Sokolov,\n    K. Patkowski, A. E. DePrince III, U. Bozkaya, R. A. King,\n    F. A. Evangelista, J. M. Turney, T. D. Crawford, C. D. Sherrill,\n    J. Chem. Phys. 152(18) 184108 (2020). https://doi.org/10.1063/5.0006002\n\n                            Additional Code Authors\n    E. T. Seidl, C. L. Janssen, E. F. Valeev, M. L. Leininger,\n    J. F. Gonthier, R. M. Richard, H. R. McAlexander, M. Saitow, X. Wang,\n    P. Verma, and M. H. Lechner\n\n             Previous Authors, Complete List of Code Contributors,\n                       and Citations for Specific Modules\n    https://github.com/psi4/psi4/blob/master/codemeta.json\n    https://github.com/psi4/psi4/graphs/contributors\n    http://psicode.org/psi4manual/master/introduction.html#citing-psifour\n\n    -----------------------------------------------------------------------\n\n\n    Psi4 started on: Thursday, 04 February 2021 11:39AM\n\n    Process ID: 1514519\n    Host:       bignimbus\n    PSIDATADIR: /home/ubuntu/pk/Applications/miniconda3/envs/psi4-1.4a2.dev923/share/psi4\n    Memory:     59.6 GiB\n    Threads:    16\n    \n  ==> Input QCSchema <==\n\n--------------------------------------------------------------------------\n{'driver': 'energy',\n 'extras': {},\n 'id': None,\n 'keywords': {'dft_radial_points': 150, 'dft_spherical_points': 974, 'guess': 'SAP', 'reference': 'RKS'},\n 'model': {'basis': 'cc-pwcvdz', 'method': 'pbe0-d3bj'},\n 'molecule': {'fix_com': False,\n              'fix_orientation': False,\n              'geometry': [0.0, 0.0, 0.0, 1.95292966, -1.95292966, 1.95292966, -1.95292966, 1.95292966, 1.95292966,\n                           -1.95292966, -1.95292966, -1.95292966, 1.95292966, 1.95292966, -1.95292966],\n              'molecular_charge': 0.0,\n              'molecular_multiplicity': 1,\n              'name': 'CCl4',\n              'provenance': {'creator': 'QCElemental',\n                             'routine': 'qcelemental.molparse.from_schema',\n                             'version': 'v0.17.0'},\n              'schema_name': 'qcschema_molecule',\n              'schema_version': 2,\n              'symbols': ['C', 'Cl', 'Cl', 'Cl', 'Cl'],\n              'validated': True},\n 'protocols': {},\n 'provenance': {'creator': 'QCElemental', 'routine': 'qcelemental.models.results', 'version': 'v0.17.0'},\n 'schema_name': 'qcschema_input',\n 'schema_version': 1}\n--------------------------------------------------------------------------\n\nScratch directory: /home/ubuntu/pk/scratch/tmpes0g9t4g_psi_scratch/\n\n*** tstart() called on bignimbus\n*** at Thu Feb  4 11:39:12 2021\n\n   => Loading Basis Set <=\n\n    Name: CC-PWCVDZ\n    Role: ORBITAL\n    Keyword: BASIS\n    atoms 1   entry C          line   173 file /home/ubuntu/pk/Applications/miniconda3/envs/psi4-1.4a2.dev923/share/psi4/basis/cc-pwcvdz.gbs \n    atoms 2-5 entry CL         line   749 file /home/ubuntu/pk/Applications/miniconda3/envs/psi4-1.4a2.dev923/share/psi4/basis/cc-pwcvdz.gbs \n\n   => PBE0-D3(BJ): Empirical Dispersion <=\n\n    Grimme's -D3 (BJ-damping) Dispersion Correction\n    Grimme S.; Ehrlich S.; Goerigk L. (2011), J. Comput. Chem., 32: 1456\n\n        s6 =       1.000000\n        s8 =       1.217700\n        a1 =       0.414500\n        a2 =       4.859300\n\n\n         ---------------------------------------------------------\n                                   SCF\n               by Justin Turney, Rob Parrish, Andy Simmonett\n                          and Daniel G. A. Smith\n                              RKS Reference\n                       16 Threads,  61035 MiB Core\n         ---------------------------------------------------------\n\n  ==> Geometry <==\n\n    Molecular point group: c2v\n    Full point group: Td\n\n    Geometry (in Bohr), charge = 0, multiplicity = 1:\n\n       Center              X                  Y                   Z               Mass       \n    ------------   -----------------  -----------------  -----------------  -----------------\n         C            0.000000000000     0.000000000000     0.000000000000    12.000000000000\n         CL           2.761859611533     0.000000000000     1.952929660000    