{
 "id": null,
 "schema_name": "qcschema_output",
 "schema_version": 1,
 "molecule": {
  "schema_name": "qcschema_molecule",
  "schema_version": 2,
  "validated": true,
  "symbols": [
   "N",
   "H",
   "H",
   "C",
   "H",
   "H",
   "H"
  ],
  "geometry": [
   -0.40407691027001835,
   1.3050322552906095,
   -0.14269119523009743,
   0.35874188972998144,
   2.3253322952906093,
   1.2844301447699027,
   0.38583592972998115,
   1.9992822052906094,
   -1.7407303852300973,
   0.2994734897299818,
   -1.3617167747093906,
   0.14785939476990262,
   -0.5060929502700189,
   -2.4408119647093907,
   -1.4043152552300975,
   2.3316823997299814,
   -1.7145087047093905,
   0.19658294476990257,
   -0.5215606802700181,
   -2.0881407447093903,
   1.8860975147699026
  ],
  "name": "CH5N",
  "molecular_charge": 0.0,
  "molecular_multiplicity": 1,
  "fix_com": false,
  "fix_orientation": false,
  "provenance": {
   "creator": "QCElemental",
   "version": "v0.16.0",
   "routine": "qcelemental.molparse.from_schema"
  }
 },
 "driver": "energy",
 "model": {
  "method": "pbe0-d3bj",
  "basis": "def2-tzvpd"
 },
 "keywords": {
  "reference": "RKS",
  "dft_spherical_points": 974,
  "dft_radial_points": 150,
  "guess": "SAP"
 },
 "protocols": {},
 "extras": {
  "qcvars": {
   "2-BODY DISPERSION CORRECTION ENERGY": -0.00212368,
   "CURRENT DIPOLE X": 1.3696569093537898,
   "CURRENT DIPOLE Y": -0.06963537222464439,
   "CURRENT DIPOLE Z": 0.019490098752315374,
   "CURRENT ENERGY": -95.78083818039225,
   "CURRENT REFERENCE ENERGY": -95.78083818039225,
   "DFT FUNCTIONAL TOTAL ENERGY": -95.77871450039225,
   "DFT TOTAL ENERGY": -95.78083818039225,
   "DFT VV10 ENERGY": 0.0,
   "DFT XC ENERGY": -10.706849568006461,
   "DISPERSION CORRECTION ENERGY": -0.00212368,
   "NUCLEAR REPULSION ENERGY": 42.037913741363695,
   "ONE-ELECTRON ENERGY": -211.62211982097847,
   "PBE0-D3(BJ) DISPERSION CORRECTION ENERGY": -0.00212368,
   "PCM POLARIZATION ENERGY": 0.0,
   "PE ENERGY": 0.0,
   "SCF DIPOLE X": 1.3696569093537898,
   "SCF DIPOLE Y": -0.06963537222464439,
   "SCF DIPOLE Z": 0.019490098752315374,
   "SCF ITERATION ENERGY": -95.78083818039225,
   "SCF ITERATIONS": 8.0,
   "SCF TOTAL ENERGY": -95.78083818039225,
   "TWO-ELECTRON ENERGY": 84.51234114722898,
   "XC GRID RADIAL POINTS": 150.0,
   "XC GRID SPHERICAL POINTS": 974.0,
   "XC GRID TOTAL POINTS": 976793.0,
   "CURRENT DIPOLE": [
    0.5388644915123724,
    -0.027396663492035955,
    0.007667994869348327
   ],
   "SCF DIPOLE": [
    0.5388644915123724,
    -0.027396663492035955,
    0.007667994869348327
   ]
  }
 },
 "provenance": {
  "creator": "Psi4",
  "version": "1.4a2.dev923",
  "routine": "psi4.schema_runner.run_qcschema",
  "qcengine_version": "v0.16.0",
  "hostname": "z089",
  "username": "kraus",
  "nthreads": 28,
  "cpu": "Intel(R) Xeon(R) CPU E5-2680 v4 @ 2.40GHz",
  "wall_time": 16.64296817779541,
  "memory": 120.0
 },
 "properties": {
  "calcinfo_nbasis": 119,
  "calcinfo_nmo": 119,
  "calcinfo_nalpha": 9,
  "calcinfo_nbeta": 9,
  "calcinfo_natom": 7,
  "nuclear_repulsion_energy": 42.037913741363695,
  "return_energy": -95.78083818039225,
  "scf_one_electron_energy": -211.62211982097847,
  "scf_two_electron_energy": 84.51234114722898,
  "scf_xc_energy": -10.706849568006461,
  "scf_dispersion_correction_energy": -0.00212368,
  "scf_dipole_moment": [
   0.5388644915123724,
   -0.027396663492035955,
   0.007667994869348327
  ],
  "scf_total_energy": -95.78083818039225,
  "scf_iterations": 8
 },
 "wavefunction": null,
 "return_result": -95.78083818039225,
 "stdout": "\n    -----------------------------------------------------------------------\n          Psi4: An Open-Source Ab Initio Electronic Structure Package\n                               Psi4 1.4a2.dev923 \n\n                         Git: Rev {master} 5de566e \n\n\n    D. G. A. Smith, L. A. Burns, A. C. Simmonett, R. M. Parrish,\n    M. C. Schieber, R. Galvelis, P. Kraus, H. Kruse, R. Di Remigio,\n    A. Alenaizan, A. M. James, S. Lehtola, J. P. Misiewicz, M. Scheurer,\n    R. A. Shaw, J. B. Schriber, Y. Xie, Z. L. Glick, D. A. Sirianni,\n    J. S. O'Brien, J. M. Waldrop, A. Kumar, E. G. Hohenstein,\n    B. P. Pritchard, B. R. Brooks, H. F. Schaefer III, A. Yu. Sokolov,\n    K. Patkowski, A. E. DePrince III, U. Bozkaya, R. A. King,\n    F. A. Evangelista, J. M. Turney, T. D. Crawford, C. D. Sherrill,\n    J. Chem. Phys. 152(18) 184108 (2020). https://doi.org/10.1063/5.0006002\n\n                            Additional Code Authors\n    E. T. Seidl, C. L. Janssen, E. F. Valeev, M. L. Leininger,\n    J. F. Gonthier, R. M. Richard, H. R. McAlexander, M. Saitow, X. Wang,\n    P. Verma, and M. H. Lechner\n\n             Previous Authors, Complete List of Code Contributors,\n                       and Citations for Specific Modules\n    https://github.com/psi4/psi4/blob/master/codemeta.json\n    https://github.com/psi4/psi4/graphs/contributors\n    http://psicode.org/psi4manual/master/introduction.html#citing-psifour\n\n    -----------------------------------------------------------------------\n\n\n    Psi4 started on: Monday, 12 October 2020 06:14PM\n\n    Process ID: 6952\n    Host:       z089\n    PSIDATADIR: /group/f97/kraus/miniconda3/envs/psi4-1.4a2.dev923/share/psi4\n    Memory:     111.8 GiB\n    Threads:    28\n    \n  ==> Input QCSchema <==\n\n--------------------------------------------------------------------------\n{'driver': 'energy',\n 'extras': {},\n 'id': None,\n 'keywords': {'dft_radial_points': 150, 'dft_spherical_points': 974, 'guess': 'SAP', 'reference': 'RKS'},\n 'model': {'basis': 'def2-tzvpd', 'method': 'pbe0-d3bj'},\n 'molecule': {'fix_com': False,\n              'fix_orientation': False,\n              'geometry': [4.26200619, 0.48279343, 0.53513989, 5.02482499, 1.50309347, 1.96226123, 5.05191903,\n                           1.17704338, -1.0628993, 4.96555659, -2.1839556, 0.82569048, 4.15999015, -3.26305079,\n                           -0.72648417, 6.9977655, -2.53674753, 0.87441403, 4.14452242, -2.91037957, 2.5639286],\n              'molecular_charge': 0.0,\n              'molecular_multiplicity': 1,\n              'name': 'CH5N',\n              'provenance': {'creator': 'QCElemental',\n                             'routine': 'qcelemental.molparse.from_schema',\n                             'version': 'v0.16.0'},\n              'schema_name': 'qcschema_molecule',\n              'schema_version': 2,\n              'symbols': ['N', 'H', 'H', 'C', 'H', 'H', 'H'],\n              'validated': True},\n 'protocols': {},\n 'provenance': {'creator': 'QCElemental', 'routine': 'qcelemental.models.results', 'version': 'v0.16.0'},\n 'schema_name': 'qcschema_input',\n 'schema_version': 1}\n--------------------------------------------------------------------------\n\nScratch directory: /tmp/tmpob2qsdv3_psi_scratch/\n\n*** tstart() called on z089\n*** at Mon Oct 12 18:14:30 2020\n\n   => Loading Basis Set <=\n\n    Name: DEF2-TZVPD\n    Role: ORBITAL\n    Keyword: BASIS\n    atoms 1        entry N          line   171 file /group/f97/kraus/miniconda3/envs/psi4-1.4a2.dev923/share/psi4/basis/def2-tzvpd.gbs \n    atoms 2-3, 5-7 entry H          line    14 file /group/f97/kraus/miniconda3/envs/psi4-1.4a2.dev923/share/psi4/basis/def2-tzvpd.gbs \n    atoms 4        entry C          line   134 file /group/f97/kraus/miniconda3/envs/psi4-1.4a2.dev923/share/psi4/basis/def2-tzvpd.gbs \n\n   => PBE0-D3(BJ): Empirical Dispersion <=\n\n    Grimme's -D3 (BJ-damping) Dispersion Correction\n    Grimme S.; Ehrlich S.; Goerigk L. (2011), J. Comput. Chem., 32: 1456\n\n        s6 =       1.000000\n        s8 =       1.217700\n        a1 =       0.414500\n        a2 =       4.859300\n\n\n         ---------------------------------------------------------\n                                   SCF\n               by Justin Turney, Rob Parrish, Andy Simmonett\n                          and Daniel G. A. Smith\n                              RKS Reference\n                       28 Threads, 