{
 "id": null,
 "schema_name": "qcschema_output",
 "schema_version": 1,
 "molecule": {
  "schema_name": "qcschema_molecule",
  "schema_version": 2,
  "validated": true,
  "symbols": [
   "C",
   "H",
   "O",
   "H",
   "H",
   "N"
  ],
  "geometry": [
   0.07772541738790253,
   0.9814178538469102,
   0.0,
   0.14907769738790255,
   3.0335111338469103,
   0.0,
   -2.0001909726120974,
   -0.2607501561530899,
   0.0,
   3.7988399373879025,
   -0.14632912615308988,
   0.0,
   -0.17139151261209745,
   -1.99306965615309,
   0.0,
   1.9462941673879024,
   -0.6075413561530899,
   0.0
  ],
  "name": "CH3NO",
  "molecular_charge": 0.0,
  "molecular_multiplicity": 1,
  "fix_com": false,
  "fix_orientation": false,
  "provenance": {
   "creator": "QCElemental",
   "version": "v0.16.0",
   "routine": "qcelemental.molparse.from_schema"
  }
 },
 "driver": "energy",
 "model": {
  "method": "pbe-d3bj",
  "basis": "cc-pvtz"
 },
 "keywords": {
  "reference": "RKS",
  "dft_spherical_points": 974,
  "dft_radial_points": 150,
  "guess": "SAP"
 },
 "protocols": {},
 "extras": {
  "qcvars": {
   "2-BODY DISPERSION CORRECTION ENERGY": -0.00258612,
   "CURRENT DIPOLE X": 2.2197696078884093,
   "CURRENT DIPOLE Y": 1.240569315991283,
   "CURRENT DIPOLE Z": 0.0,
   "CURRENT ENERGY": -169.70674590797165,
   "CURRENT REFERENCE ENERGY": -169.70674590797165,
   "DFT FUNCTIONAL TOTAL ENERGY": -169.70415978797166,
   "DFT TOTAL ENERGY": -169.70674590797165,
   "DFT VV10 ENERGY": 0.0,
   "DFT XC ENERGY": -21.802077044443635,
   "DISPERSION CORRECTION ENERGY": -0.00258612,
   "NUCLEAR REPULSION ENERGY": 72.94036833655949,
   "ONE-ELECTRON ENERGY": -375.32976186520966,
   "PBE-D3(BJ) DISPERSION CORRECTION ENERGY": -0.00258612,
   "PCM POLARIZATION ENERGY": 0.0,
   "PE ENERGY": 0.0,
   "SCF DIPOLE X": 2.2197696078884093,
   "SCF DIPOLE Y": 1.240569315991283,
   "SCF DIPOLE Z": 0.0,
   "SCF ITERATION ENERGY": -169.70674590797165,
   "SCF ITERATIONS": 10.0,
   "SCF TOTAL ENERGY": -169.70674590797165,
   "TWO-ELECTRON ENERGY": 154.4873107851222,
   "XC GRID RADIAL POINTS": 150.0,
   "XC GRID SPHERICAL POINTS": 974.0,
   "XC GRID TOTAL POINTS": 832901.0,
   "CURRENT DIPOLE": [
    0.873324562421809,
    0.48807752443850694,
    0.0
   ],
   "SCF DIPOLE": [
    0.873324562421809,
    0.48807752443850694,
    0.0
   ]
  }
 },
 "provenance": {
  "creator": "Psi4",
  "version": "1.4a2.dev923",
  "routine": "psi4.schema_runner.run_qcschema",
  "hostname": "z044",
  "wall_time": 16.504684925079346,
  "memory": 120.0,
  "nthreads": 28,
  "qcengine_version": "v0.16.0",
  "username": "kraus",
  "cpu": "Intel(R) Xeon(R) CPU E5-2680 v4 @ 2.40GHz"
 },
 "properties": {
  "calcinfo_nbasis": 132,
  "calcinfo_nmo": 132,
  "calcinfo_nalpha": 12,
  "calcinfo_nbeta": 12,
  "calcinfo_natom": 6,
  "nuclear_repulsion_energy": 72.94036833655949,
  "return_energy": -169.70674590797165,
  "scf_one_electron_energy": -375.32976186520966,
  "scf_two_electron_energy": 154.4873107851222,
  "scf_xc_energy": -21.802077044443635,
  "scf_dispersion_correction_energy": -0.00258612,
  "scf_dipole_moment": [
   0.873324562421809,
   0.48807752443850694,
   0.0
  ],
  "scf_total_energy": -169.70674590797165,
  "scf_iterations": 10
 },
 "wavefunction": null,
 "return_result": -169.70674590797165,
 "stdout": "\n    -----------------------------------------------------------------------\n          Psi4: An Open-Source Ab Initio Electronic Structure Package\n                               Psi4 1.4a2.dev923 \n\n                         Git: Rev {master} 5de566e \n\n\n    D. G. A. Smith, L. A. Burns, A. C. Simmonett, R. M. Parrish,\n    M. C. Schieber, R. Galvelis, P. Kraus, H. Kruse, R. Di Remigio,\n    A. Alenaizan, A. M. James, S. Lehtola, J. P. Misiewicz, M. Scheurer,\n    R. A. Shaw, J. B. Schriber, Y. Xie, Z. L. Glick, D. A. Sirianni,\n    J. S. O'Brien, J. M. Waldrop, A. Kumar, E. G. Hohenstein,\n    B. P. Pritchard, B. R. Brooks, H. F. Schaefer III, A. Yu. Sokolov,\n    K. Patkowski, A. E. DePrince III, U. Bozkaya, R. A. King,\n    F. A. Evangelista, J. M. Turney, T. D. Crawford, C. D. Sherrill,\n    J. Chem. Phys. 152(18) 184108 (2020). https://doi.org/10.1063/5.0006002\n\n                            Additional Code Authors\n    E. T. Seidl, C. L. Janssen, E. F. Valeev, M. L. Leininger,\n    J. F. Gonthier, R. M. Richard, H. R. McAlexander, M. Saitow, X. Wang,\n    P. Verma, and M. H. Lechner\n\n             Previous Authors, Complete List of Code Contributors,\n                       and Citations for Specific Modules\n    https://github.com/psi4/psi4/blob/master/codemeta.json\n    https://github.com/psi4/psi4/graphs/contributors\n    http://psicode.org/psi4manual/master/introduction.html#citing-psifour\n\n    -----------------------------------------------------------------------\n\n\n    Psi4 started on: Monday, 12 October 2020 11:19AM\n\n    Process ID: 7248\n    Host:       z044\n    PSIDATADIR: /group/f97/kraus/miniconda3/envs/psi4-1.4a2.dev923/share/psi4\n    Memory:     111.8 GiB\n    Threads:    28\n    \n  ==> Input QCSchema <==\n\n--------------------------------------------------------------------------\n{'driver': 'energy',\n 'extras': {},\n 'id': None,\n 'keywords': {'dft_radial_points': 150, 'dft_spherical_points': 974, 'guess': 'SAP', 'reference': 'RKS'},\n 'model': {'basis': 'cc-pvtz', 'method': 'pbe-d3bj'},\n 'molecule': {'fix_com': False,\n              'fix_orientation': False,\n              'geometry': [0.0, 0.96292507, 0.0, 0.07135228, 3.01501835, 0.0, -2.07791639, -0.27924294, 0.0, 3.72111452,\n                           -0.16482191, 0.0, -0.24911693, -2.01156244, 0.0, 1.86856875, -0.62603414, 0.0],\n              'molecular_charge': 0.0,\n              'molecular_multiplicity': 1,\n              'name': 'CH3NO',\n              'provenance': {'creator': 'QCElemental',\n                             'routine': 'qcelemental.molparse.from_schema',\n                             'version': 'v0.16.0'},\n              'schema_name': 'qcschema_molecule',\n              'schema_version': 2,\n              'symbols': ['C', 'H', 'O', 'H', 'H', 'N'],\n              'validated': True},\n 'protocols': {},\n 'provenance': {'creator': 'QCElemental', 'routine': 'qcelemental.models.results', 'version': 'v0.16.0'},\n 'schema_name': 'qcschema_input',\n 'schema_version': 1}\n--------------------------------------------------------------------------\n\nScratch directory: /tmp/tmpi5p93ql2_psi_scratch/\n\n*** tstart() called on z044\n*** at Mon Oct 12 11:19:43 2020\n\n   => Loading Basis Set <=\n\n    Name: CC-PVTZ\n    Role: ORBITAL\n    Keyword: BASIS\n    atoms 1      entry C          line   186 file /group/f97/kraus/miniconda3/envs/psi4-1.4a2.dev923/share/psi4/basis/cc-pvtz.gbs \n    atoms 2, 4-5 entry H          line    23 file /group/f97/kraus/miniconda3/envs/psi4-1.4a2.dev923/share/psi4/basis/cc-pvtz.gbs \n    atoms 3      entry O          line   262 file /group/f97/kraus/miniconda3/envs/psi4-1.4a2.dev923/share/psi4/basis/cc-pvtz.gbs \n    atoms 6      entry N          line   224 file /group/f97/kraus/miniconda3/envs/psi4-1.4a2.dev923/share/psi4/basis/cc-pvtz.gbs \n\n   => PBE-D3(BJ): Empirical Dispersion <=\n\n    Grimme's -D3 (BJ-damping) Dispersion Correction\n    Grimme S.; Ehrlich S.; Goerigk L. (2011), J. Comput. Chem., 32: 1456\n\n        s6 =       1.000000\n        s8 =       0.787500\n        a1 =       0.428900\n        a2 =       4.440700\n\n\n         ---------------------------------------------------------\n                                   SCF\n               by Justin Turney, Rob Parrish, Andy Simmonett\n                          and Daniel G. A. Smith\n                              RKS Reference\n                       28 Threads, 114440 MiB Core\n         ---------------------------------------------------------\n\n  ==> Geometry <==\n\n    Molecular point group: cs\n    Full point group: Cs\n\n    Geometry (in Bohr), charge = 0, multiplicity = 1:\n\n       Center              X                  Y  