{
 "id": null,
 "schema_name": "qcschema_output",
 "schema_version": 1,
 "molecule": {
  "schema_name": "qcschema_molecule",
  "schema_version": 2,
  "validated": true,
  "symbols": [
   "H",
   "C",
   "O"
  ],
  "geometry": [
   -1.6652128550557332,
   2.399559212610902,
   0.0,
   0.05994814494426674,
   1.1840192126109024,
   0.0,
   0.05994814494426674,
   -1.0394907873890973,
   0.0
  ],
  "name": "CHO",
  "molecular_charge": 0.0,
  "molecular_multiplicity": 2,
  "fix_com": false,
  "fix_orientation": false,
  "provenance": {
   "creator": "QCElemental",
   "version": "v0.16.0",
   "routine": "qcelemental.molparse.from_schema"
  }
 },
 "driver": "energy",
 "model": {
  "method": "pbe0-d3bj",
  "basis": "aug-cc-pvdz"
 },
 "keywords": {
  "reference": "UKS",
  "dft_spherical_points": 974,
  "dft_radial_points": 150,
  "guess": "SAP"
 },
 "protocols": {},
 "extras": {
  "qcvars": {
   "2-BODY DISPERSION CORRECTION ENERGY": -0.00056564,
   "CURRENT DIPOLE X": -0.980904884441567,
   "CURRENT DIPOLE Y": 1.3689438469780815,
   "CURRENT DIPOLE Z": 0.0,
   "CURRENT ENERGY": -113.74204799661246,
   "CURRENT REFERENCE ENERGY": -113.74204799661246,
   "DFT FUNCTIONAL TOTAL ENERGY": -113.74148235661247,
   "DFT TOTAL ENERGY": -113.74204799661247,
   "DFT VV10 ENERGY": 0.0,
   "DFT XC ENERGY": -10.730272045149281,
   "DISPERSION CORRECTION ENERGY": -0.00056564,
   "NUCLEAR REPULSION ENERGY": 26.50984839804941,
   "ONE-ELECTRON ENERGY": -206.9784848083607,
   "PBE0-D3(BJ) DISPERSION CORRECTION ENERGY": -0.00056564,
   "PCM POLARIZATION ENERGY": 0.0,
   "PE ENERGY": 0.0,
   "SCF DIPOLE X": -0.980904884441567,
   "SCF DIPOLE Y": 1.3689438469780815,
   "SCF DIPOLE Z": 0.0,
   "SCF ITERATION ENERGY": -113.74204799661246,
   "SCF ITERATIONS": 9.0,
   "SCF TOTAL ENERGY": -113.74204799661246,
   "TWO-ELECTRON ENERGY": 77.4574260988481,
   "XC GRID RADIAL POINTS": 150.0,
   "XC GRID SPHERICAL POINTS": 974.0,
   "XC GRID TOTAL POINTS": 427710.0,
   "CURRENT DIPOLE": [
    -0.3859176762931027,
    0.538583951187362,
    0.0
   ],
   "SCF DIPOLE": [
    -0.3859176762931027,
    0.538583951187362,
    0.0
   ]
  }
 },
 "provenance": {
  "creator": "Psi4",
  "version": "1.4a2.dev923",
  "routine": "psi4.schema_runner.run_qcschema",
  "username": "kraus",
  "wall_time": 21.139780044555664,
  "nthreads": 28,
  "hostname": "z072",
  "qcengine_version": "v0.16.0",
  "memory": 120.0,
  "cpu": "Intel(R) Xeon(R) CPU E5-2680 v4 @ 2.40GHz"
 },
 "properties": {
  "calcinfo_nbasis": 55,
  "calcinfo_nmo": 55,
  "calcinfo_nalpha": 8,
  "calcinfo_nbeta": 7,
  "calcinfo_natom": 3,
  "nuclear_repulsion_energy": 26.50984839804941,
  "return_energy": -113.74204799661246,
  "scf_one_electron_energy": -206.9784848083607,
  "scf_two_electron_energy": 77.4574260988481,
  "scf_xc_energy": -10.730272045149281,
  "scf_dispersion_correction_energy": -0.00056564,
  "scf_dipole_moment": [
   -0.3859176762931027,
   0.538583951187362,
   0.0
  ],
  "scf_total_energy": -113.74204799661246,
  "scf_iterations": 9
 },
 "wavefunction": null,
 "return_result": -113.74204799661246,
 "stdout": "\n    -----------------------------------------------------------------------\n          Psi4: An Open-Source Ab Initio Electronic Structure Package\n                               Psi4 1.4a2.dev923 \n\n                         Git: Rev {master} 5de566e \n\n\n    D. G. A. Smith, L. A. Burns, A. C. Simmonett, R. M. Parrish,\n    M. C. Schieber, R. Galvelis, P. Kraus, H. Kruse, R. Di Remigio,\n    A. Alenaizan, A. M. James, S. Lehtola, J. P. Misiewicz, M. Scheurer,\n    R. A. Shaw, J. B. Schriber, Y. Xie, Z. L. Glick, D. A. Sirianni,\n    J. S. O'Brien, J. M. Waldrop, A. Kumar, E. G. Hohenstein,\n    B. P. Pritchard, B. R. Brooks, H. F. Schaefer III, A. Yu. Sokolov,\n    K. Patkowski, A. E. DePrince III, U. Bozkaya, R. A. King,\n    F. A. Evangelista, J. M. Turney, T. D. Crawford, C. D. Sherrill,\n    J. Chem. Phys. 152(18) 184108 (2020). https://doi.org/10.1063/5.0006002\n\n                            Additional Code Authors\n    E. T. Seidl, C. L. Janssen, E. F. Valeev, M. L. Leininger,\n    J. F. Gonthier, R. M. Richard, H. R. McAlexander, M. Saitow, X. Wang,\n    P. Verma, and M. H. Lechner\n\n             Previous Authors, Complete List of Code Contributors,\n                       and Citations for Specific Modules\n    https://github.com/psi4/psi4/blob/master/codemeta.json\n    https://github.com/psi4/psi4/graphs/contributors\n    http://psicode.org/psi4manual/master/introduction.html#citing-psifour\n\n    -----------------------------------------------------------------------\n\n\n    Psi4 started on: Saturday, 10 October 2020 09:21PM\n\n    Process ID: 12856\n    Host:       z072\n    PSIDATADIR: /group/f97/kraus/miniconda3/envs/psi4-1.4a2.dev923/share/psi4\n    Memory:     111.8 GiB\n    Threads:    28\n    \n  ==> Input QCSchema <==\n\n--------------------------------------------------------------------------\n{'driver': 'energy',\n 'extras': {},\n 'id': None,\n 'keywords': {'dft_radial_points': 150, 'dft_spherical_points': 974, 'guess': 'SAP', 'reference': 'UKS'},\n 'model': {'basis': 'aug-cc-pvdz', 'method': 'pbe0-d3bj'},\n 'molecule': {'fix_com': False,\n              'fix_orientation': False,\n              'geometry': [-1.61015, 2.32038, 0.0, 0.115011, 1.10484, 0.0, 0.115011, -1.11867, 0.0],\n              'molecular_charge': 0.0,\n              'molecular_multiplicity': 2,\n              'name': 'CHO',\n              'provenance': {'creator': 'QCElemental',\n                             'routine': 'qcelemental.molparse.from_schema',\n                             'version': 'v0.16.0'},\n              'schema_name': 'qcschema_molecule',\n              'schema_version': 2,\n              'symbols': ['H', 'C', 'O'],\n              'validated': True},\n 'protocols': {},\n 'provenance': {'creator': 'QCElemental', 'routine': 'qcelemental.models.results', 'version': 'v0.16.0'},\n 'schema_name': 'qcschema_input',\n 'schema_version': 1}\n--------------------------------------------------------------------------\n\nScratch directory: /tmp/tmpc_1betrx_psi_scratch/\n\n*** tstart() called on z072\n*** at Sat Oct 10 21:21:09 2020\n\n   => Loading Basis Set <=\n\n    Name: AUG-CC-PVDZ\n    Role: ORBITAL\n    Keyword: BASIS\n    atoms 1 entry H          line    40 file /group/f97/kraus/miniconda3/envs/psi4-1.4a2.dev923/share/psi4/basis/aug-cc-pvdz.gbs \n    atoms 2 entry C          line   182 file /group/f97/kraus/miniconda3/envs/psi4-1.4a2.dev923/share/psi4/basis/aug-cc-pvdz.gbs \n    atoms 3 entry O          line   254 file /group/f97/kraus/miniconda3/envs/psi4-1.4a2.dev923/share/psi4/basis/aug-cc-pvdz.gbs \n\n   => PBE0-D3(BJ): Empirical Dispersion <=\n\n    Grimme's -D3 (BJ-damping) Dispersion Correction\n    Grimme S.; Ehrlich S.; Goerigk L. (2011), J. Comput. Chem., 32: 1456\n\n        s6 =       1.000000\n        s8 =       1.217700\n        a1 =       0.414500\n        a2 =       4.859300\n\n\n         ---------------------------------------------------------\n                                   SCF\n               by Justin Turney, Rob Parrish, Andy Simmonett\n                          and Daniel G. A. Smith\n                              UKS Reference\n                       28 Threads, 114440 MiB Core\n         ---------------------------------------------------------\n\n  ==> Geometry <==\n\n    Molecular point group: cs\n    Full point group: Cs\n\n    Geometry (in Bohr), charge = 0, multiplicity = 2:\n\n       Center              X                  Y                   Z               Mass       \n    ------------   -----------------  -----------------  -----------------  -----------------\n         H           -1.665212855056     2.399559212611     0.000000000000     1.007825032230\n         C            0.059948144944     1.184019212611     0.000000000000    12.000000000000\n         O            0.059948144944    -1.039490787389     0.000000000000    15.994914619570\n\n  Running in cs symmetry.\n\n  