{
 "id": null,
 "schema_name": "qcschema_output",
 "schema_version": 1,
 "molecule": {
  "schema_name": "qcschema_molecule",
  "schema_version": 2,
  "validated": true,
  "symbols": [
   "Si",
   "Si",
   "H",
   "H",
   "H",
   "H",
   "H",
   "H",
   "H"
  ],
  "geometry": [
   -0.010776920000000184,
   3.00685851,
   -0.00012012141147749178,
   0.010776920000000184,
   -3.00685851,
   -0.00012012141147749178,
   2.69719438,
   3.48774298,
   -0.10809133141147749,
   -1.2727740100000002,
   3.48353815,
   2.3975830885885228,
   -1.4589171300000001,
   3.46312816,
   -2.2947227214114774,
   1.2727740100000002,
   -3.48353815,
   2.3975830885885228,
   1.4589171300000001,
   -3.46312816,
   -2.2947227214114774,
   -2.69719438,
   -3.48774298,
   -0.10809133141147749,
   -1.2867090139108293e-33,
   0.0,
   0.017130998588522506
  ],
  "name": "H7Si2",
  "molecular_charge": 1.0,
  "molecular_multiplicity": 1,
  "fix_com": false,
  "fix_orientation": false,
  "provenance": {
   "creator": "QCElemental",
   "version": "v0.16.0",
   "routine": "qcelemental.molparse.from_schema"
  }
 },
 "driver": "energy",
 "model": {
  "method": "pbe-d3bj",
  "basis": "cc-pvdz"
 },
 "keywords": {
  "reference": "RKS",
  "dft_spherical_points": 974,
  "dft_radial_points": 150,
  "guess": "SAP"
 },
 "protocols": {},
 "extras": {
  "qcvars": {
   "2-BODY DISPERSION CORRECTION ENERGY": -0.0054661,
   "CURRENT DIPOLE X": -3.270488070729198e-33,
   "CURRENT DIPOLE Y": -6.772573040767574e-15,
   "CURRENT DIPOLE Z": -0.000946011816393246,
   "CURRENT ENERGY": -582.5326078303407,
   "CURRENT REFERENCE ENERGY": -582.5326078303407,
   "DFT FUNCTIONAL TOTAL ENERGY": -582.5271417303405,
   "DFT TOTAL ENERGY": -582.5326078303406,
   "DFT VV10 ENERGY": 0.0,
   "DFT XC ENERGY": -43.79005562735875,
   "DISPERSION CORRECTION ENERGY": -0.0054661,
   "NUCLEAR REPULSION ENERGY": 88.16336788372294,
   "ONE-ELECTRON ENERGY": -973.7053450319295,
   "PBE-D3(BJ) DISPERSION CORRECTION ENERGY": -0.0054661,
   "PCM POLARIZATION ENERGY": 0.0,
   "PE ENERGY": 0.0,
   "SCF DIPOLE X": -3.270488070729198e-33,
   "SCF DIPOLE Y": -6.772573040767574e-15,
   "SCF DIPOLE Z": -0.000946011816393246,
   "SCF ITERATION ENERGY": -582.5326078303407,
   "SCF ITERATIONS": 7.0,
   "SCF TOTAL ENERGY": -582.5326078303407,
   "TWO-ELECTRON ENERGY": 346.80489104522474,
   "XC GRID RADIAL POINTS": 150.0,
   "XC GRID SPHERICAL POINTS": 974.0,
   "XC GRID TOTAL POINTS": 1243548.0,
   "CURRENT DIPOLE": [
    -1.2867090139108293e-33,
    -2.6645352591003757e-15,
    -0.00037218968701143926
   ],
   "SCF DIPOLE": [
    -1.2867090139108293e-33,
    -2.6645352591003757e-15,
    -0.00037218968701143926
   ]
  }
 },
 "provenance": {
  "creator": "Psi4",
  "version": "1.4a2.dev923",
  "routine": "psi4.schema_runner.run_qcschema",
  "cpu": "Intel(R) Xeon(R) CPU E5-2680 v4 @ 2.40GHz",
  "memory": 120.0,
  "nthreads": 28,
  "qcengine_version": "v0.16.0",
  "wall_time": 14.993138790130615,
  "hostname": "z070",
  "username": "kraus"
 },
 "properties": {
  "calcinfo_nbasis": 71,
  "calcinfo_nmo": 71,
  "calcinfo_nalpha": 17,
  "calcinfo_nbeta": 17,
  "calcinfo_natom": 9,
  "nuclear_repulsion_energy": 88.16336788372294,
  "return_energy": -582.5326078303407,
  "scf_one_electron_energy": -973.7053450319295,
  "scf_two_electron_energy": 346.80489104522474,
  "scf_xc_energy": -43.79005562735875,
  "scf_dispersion_correction_energy": -0.0054661,
  "scf_dipole_moment": [
   -1.2867090139108293e-33,
   -2.6645352591003757e-15,
   -0.00037218968701143926
  ],
  "scf_total_energy": -582.5326078303407,
  "scf_iterations": 7
 },
 "wavefunction": null,
 "return_result": -582.5326078303407,
 "stdout": "\n    -----------------------------------------------------------------------\n          Psi4: An Open-Source Ab Initio Electronic Structure Package\n                               Psi4 1.4a2.dev923 \n\n                         Git: Rev {master} 5de566e \n\n\n    D. G. A. Smith, L. A. Burns, A. C. Simmonett, R. M. Parrish,\n    M. C. Schieber, R. Galvelis, P. Kraus, H. Kruse, R. Di Remigio,\n    A. Alenaizan, A. M. James, S. Lehtola, J. P. Misiewicz, M. Scheurer,\n    R. A. Shaw, J. B. Schriber, Y. Xie, Z. L. Glick, D. A. Sirianni,\n    J. S. O'Brien, J. M. Waldrop, A. Kumar, E. G. Hohenstein,\n    B. P. Pritchard, B. R. Brooks, H. F. Schaefer III, A. Yu. Sokolov,\n    K. Patkowski, A. E. DePrince III, U. Bozkaya, R. A. King,\n    F. A. Evangelista, J. M. Turney, T. D. Crawford, C. D. Sherrill,\n    J. Chem. Phys. 152(18) 184108 (2020). https://doi.org/10.1063/5.0006002\n\n                            Additional Code Authors\n    E. T. Seidl, C. L. Janssen, E. F. Valeev, M. L. Leininger,\n    J. F. Gonthier, R. M. Richard, H. R. McAlexander, M. Saitow, X. Wang,\n    P. Verma, and M. H. Lechner\n\n             Previous Authors, Complete List of Code Contributors,\n                       and Citations for Specific Modules\n    https://github.com/psi4/psi4/blob/master/codemeta.json\n    https://github.com/psi4/psi4/graphs/contributors\n    http://psicode.org/psi4manual/master/introduction.html#citing-psifour\n\n    -----------------------------------------------------------------------\n\n\n    Psi4 started on: Thursday, 08 October 2020 07:39AM\n\n    Process ID: 7370\n    Host:       z070\n    PSIDATADIR: /group/f97/kraus/miniconda3/envs/psi4-1.4a2.dev923/share/psi4\n    Memory:     111.8 GiB\n    Threads:    28\n    \n  ==> Input QCSchema <==\n\n--------------------------------------------------------------------------\n{'driver': 'energy',\n 'extras': {},\n 'id': None,\n 'keywords': {'dft_radial_points': 150, 'dft_spherical_points': 974, 'guess': 'SAP', 'reference': 'RKS'},\n 'model': {'basis': 'cc-pvdz', 'method': 'pbe-d3bj'},\n 'molecule': {'fix_com': False,\n              'fix_orientation': False,\n              'geometry': [-0.01077692, 3.00685851, -0.0008345, 0.01077692, -3.00685851, -0.0008345, 2.69719438,\n                           3.48774298, -0.10880571, -1.27277401, 3.48353815, 2.39686871, -1.45891713, 3.46312816,\n                           -2.2954371, 1.27277401, -3.48353815, 2.39686871, 1.45891713, -3.46312816, -2.2954371,\n                           -2.69719438, -3.48774298, -0.10880571, 0.0, 0.0, 0.01641662],\n              'molecular_charge': 1.0,\n              'molecular_multiplicity': 1,\n              'name': 'H7Si2',\n              'provenance': {'creator': 'QCElemental',\n                             'routine': 'qcelemental.molparse.from_schema',\n                             'version': 'v0.16.0'},\n              'schema_name': 'qcschema_molecule',\n              'schema_version': 2,\n              'symbols': ['Si', 'Si', 'H', 'H', 'H', 'H', 'H', 'H', 'H'],\n              'validated': True},\n 'protocols': {},\n 'provenance': {'creator': 'QCElemental', 'routine': 'qcelemental.models.results', 'version': 'v0.16.0'},\n 'schema_name': 'qcschema_input',\n 'schema_version': 1}\n--------------------------------------------------------------------------\n\nScratch directory: /tmp/tmphm4z3lnz_psi_scratch/\n\n*** tstart() called on z070\n*** at Thu Oct  8 07:39:33 2020\n\n   => Loading Basis Set <=\n\n    Name: CC-PVDZ\n    Role: ORBITAL\n    Keyword: BASIS\n    atoms 1-2 entry SI         line   478 file /group/f97/kraus/miniconda3/envs/psi4-1.4a2.dev923/share/psi4/basis/cc-pvdz.gbs \n    atoms 3-9 entry H          line    22 file /group/f97/kraus/miniconda3/envs/psi4-1.4a2.dev923/share/psi4/basis/cc-pvdz.gbs \n\n   => PBE-D3(BJ): Empirical Dispersion <=\n\n    Grimme's -D3 (BJ-damping) Dispersion Correction\n    Grimme S.; Ehrlich S.; Goerigk L. (2011), J. Comput. Chem., 32: 1456\n\n        s6 =       1.000000\n        s8 =       0.787500\n        a1 =       0.428900\n        a2 =       4.440700\n\n\n         ---------------------------------------------------------\n                                   SCF\n               by Justin Turney, Rob Parrish, Andy Simmonett\n                          and Daniel G. A. Smith\n                     