{
 "id": null,
 "schema_name": "qcschema_output",
 "schema_version": 1,
 "molecule": {
  "schema_name": "qcschema_molecule",
  "schema_version": 2,
  "validated": true,
  "symbols": [
   "C",
   "O",
   "N",
   "H"
  ],
  "geometry": [
   0.06478478918640353,
   0.03627192489755313,
   0.0,
   -0.8744594308135966,
   2.030077754897553,
   0.0,
   0.7569964091864035,
   -2.158741205102447,
   0.0,
   2.5889510991864033,
   -2.656384315102447,
   0.0
  ],
  "name": "CHNO",
  "molecular_charge": 0.0,
  "molecular_multiplicity": 1,
  "fix_com": false,
  "fix_orientation": false,
  "provenance": {
   "creator": "QCElemental",
   "version": "v0.16.0",
   "routine": "qcelemental.molparse.from_schema"
  }
 },
 "driver": "energy",
 "model": {
  "method": "pbe-d3bj",
  "basis": "aug-cc-pvdz"
 },
 "keywords": {
  "reference": "RKS",
  "dft_spherical_points": 974,
  "dft_radial_points": 150,
  "guess": "SAP"
 },
 "protocols": {},
 "extras": {
  "qcvars": {
   "2-BODY DISPERSION CORRECTION ENERGY": -0.00153508,
   "CURRENT DIPOLE X": 1.7980139248605134,
   "CURRENT DIPOLE Y": -0.8043241102586604,
   "CURRENT DIPOLE Z": 0.0,
   "CURRENT ENERGY": -168.5323311614676,
   "CURRENT REFERENCE ENERGY": -168.5323311614676,
   "DFT FUNCTIONAL TOTAL ENERGY": -168.5307960814676,
   "DFT TOTAL ENERGY": -168.5323311614676,
   "DFT VV10 ENERGY": 0.0,
   "DFT XC ENERGY": -21.054167313246918,
   "DISPERSION CORRECTION ENERGY": -0.00153508,
   "NUCLEAR REPULSION ENERGY": 59.17071361831899,
   "ONE-ELECTRON ENERGY": -345.87280609837694,
   "PBE-D3(BJ) DISPERSION CORRECTION ENERGY": -0.00153508,
   "PCM POLARIZATION ENERGY": 0.0,
   "PE ENERGY": 0.0,
   "SCF DIPOLE X": 1.7980139248605134,
   "SCF DIPOLE Y": -0.8043241102586604,
   "SCF DIPOLE Z": 0.0,
   "SCF ITERATION ENERGY": -168.5323311614676,
   "SCF ITERATIONS": 10.0,
   "SCF TOTAL ENERGY": -168.5323311614676,
   "TWO-ELECTRON ENERGY": 139.22546371183728,
   "XC GRID RADIAL POINTS": 150.0,
   "XC GRID SPHERICAL POINTS": 974.0,
   "XC GRID TOTAL POINTS": 566683.0,
   "CURRENT DIPOLE": [
    0.7073931089861402,
    -0.31644545413213343,
    0.0
   ],
   "SCF DIPOLE": [
    0.7073931089861402,
    -0.31644545413213343,
    0.0
   ]
  }
 },
 "provenance": {
  "creator": "Psi4",
  "version": "1.4a2.dev923",
  "routine": "psi4.schema_runner.run_qcschema",
  "hostname": "z075",
  "memory": 120.0,
  "cpu": "Intel(R) Xeon(R) CPU E5-2680 v4 @ 2.40GHz",
  "qcengine_version": "v0.16.0",
  "nthreads": 28,
  "wall_time": 11.54794716835022,
  "username": "kraus"
 },
 "properties": {
  "calcinfo_nbasis": 78,
  "calcinfo_nmo": 78,
  "calcinfo_nalpha": 11,
  "calcinfo_nbeta": 11,
  "calcinfo_natom": 4,
  "nuclear_repulsion_energy": 59.17071361831899,
  "return_energy": -168.5323311614676,
  "scf_one_electron_energy": -345.87280609837694,
  "scf_two_electron_energy": 139.22546371183728,
  "scf_xc_energy": -21.054167313246918,
  "scf_dispersion_correction_energy": -0.00153508,
  "scf_dipole_moment": [
   0.7073931089861402,
   -0.31644545413213343,
   0.0
  ],
  "scf_total_energy": -168.5323311614676,
  "scf_iterations": 10
 },
 "wavefunction": null,
 "return_result": -168.5323311614676,
 "stdout": "\n    -----------------------------------------------------------------------\n          Psi4: An Open-Source Ab Initio Electronic Structure Package\n                               Psi4 1.4a2.dev923 \n\n                         Git: Rev {master} 5de566e \n\n\n    D. G. A. Smith, L. A. Burns, A. C. Simmonett, R. M. Parrish,\n    M. C. Schieber, R. Galvelis, P. Kraus, H. Kruse, R. Di Remigio,\n    A. Alenaizan, A. M. James, S. Lehtola, J. P. Misiewicz, M. Scheurer,\n    R. A. Shaw, J. B. Schriber, Y. Xie, Z. L. Glick, D. A. Sirianni,\n    J. S. O'Brien, J. M. Waldrop, A. Kumar, E. G. Hohenstein,\n    B. P. Pritchard, B. R. Brooks, H. F. Schaefer III, A. Yu. Sokolov,\n    K. Patkowski, A. E. DePrince III, U. Bozkaya, R. A. King,\n    F. A. Evangelista, J. M. Turney, T. D. Crawford, C. D. Sherrill,\n    J. Chem. Phys. 152(18) 184108 (2020). https://doi.org/10.1063/5.0006002\n\n                            Additional Code Authors\n    E. T. Seidl, C. L. Janssen, E. F. Valeev, M. L. Leininger,\n    J. F. Gonthier, R. M. Richard, H. R. McAlexander, M. Saitow, X. Wang,\n    P. Verma, and M. H. Lechner\n\n             Previous Authors, Complete List of Code Contributors,\n                       and Citations for Specific Modules\n    https://github.com/psi4/psi4/blob/master/codemeta.json\n    https://github.com/psi4/psi4/graphs/contributors\n    http://psicode.org/psi4manual/master/introduction.html#citing-psifour\n\n    -----------------------------------------------------------------------\n\n\n    Psi4 started on: Tuesday, 06 October 2020 05:13PM\n\n    Process ID: 15049\n    Host:       z075\n    PSIDATADIR: /group/f97/kraus/miniconda3/envs/psi4-1.4a2.dev923/share/psi4\n    Memory:     111.8 GiB\n    Threads:    28\n    \n  ==> Input QCSchema <==\n\n--------------------------------------------------------------------------\n{'driver': 'energy',\n 'extras': {},\n 'id': None,\n 'keywords': {'dft_radial_points': 150, 'dft_spherical_points': 974, 'guess': 'SAP', 'reference': 'RKS'},\n 'model': {'basis': 'aug-cc-pvdz', 'method': 'pbe-d3bj'},\n 'molecule': {'fix_com': False,\n              'fix_orientation': False,\n              'geometry': [0.00675234, 0.08405768, 0.0, -0.93249188, 2.07786351, 0.0, 0.69896396, -2.11095545, 0.0,\n                           2.53091865, -2.60859856, 0.0],\n              'molecular_charge': 0.0,\n              'molecular_multiplicity': 1,\n              'name': 'CHNO',\n              'provenance': {'creator': 'QCElemental',\n                             'routine': 'qcelemental.molparse.from_schema',\n                             'version': 'v0.16.0'},\n              'schema_name': 'qcschema_molecule',\n              'schema_version': 2,\n              'symbols': ['C', 'O', 'N', 'H'],\n              'validated': True},\n 'protocols': {},\n 'provenance': {'creator': 'QCElemental', 'routine': 'qcelemental.models.results', 'version': 'v0.16.0'},\n 'schema_name': 'qcschema_input',\n 'schema_version': 1}\n--------------------------------------------------------------------------\n\nScratch directory: /tmp/tmpc6zfej20_psi_scratch/\n\n*** tstart() called on z075\n*** at Tue Oct  6 17:13:36 2020\n\n   => Loading Basis Set <=\n\n    Name: AUG-CC-PVDZ\n    Role: ORBITAL\n    Keyword: BASIS\n    atoms 1 entry C          line   182 file /group/f97/kraus/miniconda3/envs/psi4-1.4a2.dev923/share/psi4/basis/aug-cc-pvdz.gbs \n    atoms 2 entry O          line   254 file /group/f97/kraus/miniconda3/envs/psi4-1.4a2.dev923/share/psi4/basis/aug-cc-pvdz.gbs \n    atoms 3 entry N          line   218 file /group/f97/kraus/miniconda3/envs/psi4-1.4a2.dev923/share/psi4/basis/aug-cc-pvdz.gbs \n    atoms 4 entry H          line    40 file /group/f97/kraus/miniconda3/envs/psi4-1.4a2.dev923/share/psi4/basis/aug-cc-pvdz.gbs \n\n   => PBE-D3(BJ): Empirical Dispersion <=\n\n    Grimme's -D3 (BJ-damping) Dispersion Correction\n    Grimme S.; Ehrlich S.; Goerigk L. (2011), J. Comput. Chem., 32: 1456\n\n        s6 =       1.000000\n        s8 =       0.787500\n        a1 =       0.428900\n        a2 =       4.440700\n\n\n         ---------------------------------------------------------\n                                   SCF\n               by Justin Turney, Rob Parrish, Andy Simmonett\n                          and Daniel G. A. Smith\n                              RKS Reference\n                       28 Threads, 114440 MiB Core\n         ---------------------------------------------------------\n\n  ==> Geometry <==\n\n    Molecular point group: cs\n    Full point group: Cs\n\n    Geometry (in Bohr), charge = 0, multiplicity = 1:\n\n       Center              X                  Y                   Z               Mass       \n    ------------   -----------------  -----------------  -----------------  -----------------\n         C            0.064784789186     