{
 "id": null,
 "schema_name": "qcschema_output",
 "schema_version": 1,
 "molecule": {
  "schema_name": "qcschema_molecule",
  "schema_version": 2,
  "validated": true,
  "symbols": [
   "C",
   "N",
   "H",
   "F",
   "F",
   "F",
   "Br"
  ],
  "geometry": [
   2.480947980831582,
   0.036798011929052334,
   -0.03448988192591219,
   0.36163335083158243,
   1.6113764019290524,
   -0.5351671519259122,
   0.40991775083158244,
   3.1226621919290523,
   0.6433813380740878,
   4.561625260831582,
   1.4687663219290523,
   -0.3156395519259122,
   2.5758538008315823,
   -0.9552855280709476,
   2.320556738074088,
   2.578780990831582,
   -1.8893242380709476,
   -1.656199931925912,
   -2.7856884991684177,
   -0.000178258070947665,
   0.008038398074087814
  ],
  "name": "BrCF3HN",
  "molecular_charge": 0.0,
  "molecular_multiplicity": 1,
  "fix_com": false,
  "fix_orientation": false,
  "provenance": {
   "creator": "QCElemental",
   "version": "v0.16.0",
   "routine": "qcelemental.molparse.from_schema"
  }
 },
 "driver": "energy",
 "model": {
  "method": "pbe-d3bj",
  "basis": "cc-pvdz"
 },
 "keywords": {
  "reference": "RKS",
  "dft_spherical_points": 974,
  "dft_radial_points": 150,
  "guess": "SAP"
 },
 "protocols": {},
 "extras": {
  "qcvars": {
   "2-BODY DISPERSION CORRECTION ENERGY": -0.00496732,
   "CURRENT DIPOLE X": -0.7462065102248312,
   "CURRENT DIPOLE Y": 1.1374259026854094,
   "CURRENT DIPOLE Z": 0.8218207999136462,
   "CURRENT ENERGY": -2966.3464530831898,
   "CURRENT REFERENCE ENERGY": -2966.3464530831898,
   "DFT FUNCTIONAL TOTAL ENERGY": -2966.3414857631897,
   "DFT TOTAL ENERGY": -2966.3464530831898,
   "DFT VV10 ENERGY": 0.0,
   "DFT XC ENERGY": -134.63902774106114,
   "DISPERSION CORRECTION ENERGY": -0.00496732,
   "NUCLEAR REPULSION ENERGY": 457.6057426652975,
   "ONE-ELECTRON ENERGY": -5036.558729126803,
   "PBE-D3(BJ) DISPERSION CORRECTION ENERGY": -0.00496732,
   "PCM POLARIZATION ENERGY": 0.0,
   "PE ENERGY": 0.0,
   "SCF DIPOLE X": -0.7462065102248312,
   "SCF DIPOLE Y": 1.1374259026854094,
   "SCF DIPOLE Z": 0.8218207999136462,
   "SCF ITERATION ENERGY": -2966.3464530831898,
   "SCF ITERATIONS": 13.0,
   "SCF TOTAL ENERGY": -2966.3464530831898,
   "TWO-ELECTRON ENERGY": 1747.2505284393767,
   "XC GRID RADIAL POINTS": 150.0,
   "XC GRID SPHERICAL POINTS": 974.0,
   "XC GRID TOTAL POINTS": 950689.0,
   "CURRENT DIPOLE": [
    -0.2935802308953708,
    0.447497783202329,
    0.32332918151648404
   ],
   "SCF DIPOLE": [
    -0.2935802308953708,
    0.447497783202329,
    0.32332918151648404
   ]
  }
 },
 "provenance": {
  "creator": "Psi4",
  "version": "1.4a2.dev923",
  "routine": "psi4.schema_runner.run_qcschema",
  "hostname": "z097",
  "cpu": "Intel(R) Xeon(R) CPU E5-2680 v4 @ 2.40GHz",
  "nthreads": 28,
  "qcengine_version": "v0.16.0",
  "wall_time": 16.19646954536438,
  "username": "kraus",
  "memory": 120.0
 },
 "properties": {
  "calcinfo_nbasis": 102,
  "calcinfo_nmo": 102,
  "calcinfo_nalpha": 38,
  "calcinfo_nbeta": 38,
  "calcinfo_natom": 7,
  "nuclear_repulsion_energy": 457.6057426652975,
  "return_energy": -2966.3464530831898,
  "scf_one_electron_energy": -5036.558729126803,
  "scf_two_electron_energy": 1747.2505284393767,
  "scf_xc_energy": -134.63902774106114,
  "scf_dispersion_correction_energy": -0.00496732,
  "scf_dipole_moment": [
   -0.2935802308953708,
   0.447497783202329,
   0.32332918151648404
  ],
  "scf_total_energy": -2966.3464530831898,
  "scf_iterations": 13
 },
 "wavefunction": null,
 "return_result": -2966.3464530831898,
 "stdout": "\n    -----------------------------------------------------------------------\n          Psi4: An Open-Source Ab Initio Electronic Structure Package\n                               Psi4 1.4a2.dev923 \n\n                         Git: Rev {master} 5de566e \n\n\n    D. G. A. Smith, L. A. Burns, A. C. Simmonett, R. M. Parrish,\n    M. C. Schieber, R. Galvelis, P. Kraus, H. Kruse, R. Di Remigio,\n    A. Alenaizan, A. M. James, S. Lehtola, J. P. Misiewicz, M. Scheurer,\n    R. A. Shaw, J. B. Schriber, Y. Xie, Z. L. Glick, D. A. Sirianni,\n    J. S. O'Brien, J. M. Waldrop, A. Kumar, E. G. Hohenstein,\n    B. P. Pritchard, B. R. Brooks, H. F. Schaefer III, A. Yu. Sokolov,\n    K. Patkowski, A. E. DePrince III, U. Bozkaya, R. A. King,\n    F. A. Evangelista, J. M. Turney, T. D. Crawford, C. D. Sherrill,\n    J. Chem. Phys. 152(18) 184108 (2020). https://doi.org/10.1063/5.0006002\n\n                            Additional Code Authors\n    E. T. Seidl, C. L. Janssen, E. F. Valeev, M. L. Leininger,\n    J. F. Gonthier, R. M. Richard, H. R. McAlexander, M. Saitow, X. Wang,\n    P. Verma, and M. H. Lechner\n\n             Previous Authors, Complete List of Code Contributors,\n                       and Citations for Specific Modules\n    https://github.com/psi4/psi4/blob/master/codemeta.json\n    https://github.com/psi4/psi4/graphs/contributors\n    http://psicode.org/psi4manual/master/introduction.html#citing-psifour\n\n    -----------------------------------------------------------------------\n\n\n    Psi4 started on: Tuesday, 06 October 2020 11:27AM\n\n    Process ID: 28917\n    Host:       z097\n    PSIDATADIR: /group/f97/kraus/miniconda3/envs/psi4-1.4a2.dev923/share/psi4\n    Memory:     111.8 GiB\n    Threads:    28\n    \n  ==> Input QCSchema <==\n\n--------------------------------------------------------------------------\n{'driver': 'energy',\n 'extras': {},\n 'id': None,\n 'keywords': {'dft_radial_points': 150, 'dft_spherical_points': 974, 'guess': 'SAP', 'reference': 'RKS'},\n 'model': {'basis': 'cc-pvdz', 'method': 'pbe-d3bj'},\n 'molecule': {'fix_com': False,\n              'fix_orientation': False,\n              'geometry': [2.37865497, 0.00740017, -0.03593881, 0.25934034, 1.58197856, -0.53661608, 0.30762474,\n                           3.09326435, 0.64193241, 4.45933225, 1.43936848, -0.31708848, 2.47356079, -0.98468337,\n                           2.31910781, 2.47648798, -1.91872208, -1.65764886, -2.88798151, -0.0295761, 0.00658947],\n              'molecular_charge': 0.0,\n              'molecular_multiplicity': 1,\n              'name': 'BrCF3HN',\n              'provenance': {'creator': 'QCElemental',\n                             'routine': 'qcelemental.molparse.from_schema',\n                             'version': 'v0.16.0'},\n              'schema_name': 'qcschema_molecule',\n              'schema_version': 2,\n              'symbols': ['C', 'N', 'H', 'F', 'F', 'F', 'Br'],\n              'validated': True},\n 'protocols': {},\n 'provenance': {'creator': 'QCElemental', 'routine': 'qcelemental.models.results', 'version': 'v0.16.0'},\n 'schema_name': 'qcschema_input',\n 'schema_version': 1}\n--------------------------------------------------------------------------\n\nScratch directory: /tmp/tmp7d07h51h_psi_scratch/\n\n*** tstart() called on z097\n*** at Tue Oct  6 11:27:19 2020\n\n   => Loading Basis Set <=\n\n    Name: CC-PVDZ\n    Role: ORBITAL\n    Keyword: BASIS\n    atoms 1   entry C          line   138 file /group/f97/kraus/miniconda3/envs/psi4-1.4a2.dev923/share/psi4/basis/cc-pvdz.gbs \n    atoms 2   entry N          line   168 file /group/f97/kraus/miniconda3/envs/psi4-1.4a2.dev923/share/psi4/basis/cc-pvdz.gbs \n    atoms 3   entry H          line    22 file /group/f97/kraus/miniconda3/envs/psi4-1.4a2.dev923/share/psi4/basis/cc-pvdz.gbs \n    atoms 4-6 entry F          line   228 file /group/f97/kraus/miniconda3/envs/psi4-1.4a2.dev923/share/psi4/basis/cc-pvdz.gbs \n    atoms 7   entry BR         line  3202 file /group/f97/kraus/miniconda3/envs/psi4-1.4a2.dev923/share/psi4/basis/cc-pvdz.gbs \n\n   => PBE-D3(BJ): Empirical Dispersion <=\n\n    Grimme's -D3 (BJ-damping) Dispersion Correction\n    Grimme S.; Ehrlich S.; Goerigk L. (2011), J. Comput. Chem., 32: 1456\n\n        s6 =       1.000000\n        s8 =       0.787500\n        a1 =       0.428900\n        a2 =       4.440700\n\n\n         ---------------------------------------------------------\n          