{
 "id": null,
 "schema_name": "qcschema_output",
 "schema_version": 1,
 "molecule": {
  "schema_name": "qcschema_molecule",
  "schema_version": 2,
  "validated": true,
  "symbols": [
   "O",
   "H",
   "H"
  ],
  "geometry": [
   3.870050641284887e-34,
   0.0,
   -0.12436928769902524,
   -4.38171398538798e-17,
   1.431176397452294,
   0.9869154240200817,
   4.3817139853879794e-17,
   -1.431176397452294,
   0.9869154240200818
  ],
  "name": "H2O",
  "molecular_charge": 0.0,
  "molecular_multiplicity": 1,
  "fix_com": false,
  "fix_orientation": false,
  "provenance": {
   "creator": "QCElemental",
   "version": "v0.16.0",
   "routine": "qcelemental.molparse.from_schema"
  }
 },
 "driver": "energy",
 "model": {
  "method": "pbe-d3bj",
  "basis": "def2-qzvpd"
 },
 "keywords": {
  "reference": "RKS",
  "dft_spherical_points": 974,
  "dft_radial_points": 150,
  "guess": "SAP"
 },
 "protocols": {},
 "extras": {
  "qcvars": {
   "2-BODY DISPERSION CORRECTION ENERGY": -0.00035947,
   "CURRENT DIPOLE X": 0.0,
   "CURRENT DIPOLE Y": 0.0,
   "CURRENT DIPOLE Z": 1.7980598074689107,
   "CURRENT ENERGY": -76.38811973265013,
   "CURRENT REFERENCE ENERGY": -76.38811973265013,
   "DFT FUNCTIONAL TOTAL ENERGY": -76.38776026265012,
   "DFT TOTAL ENERGY": -76.38811973265013,
   "DFT VV10 ENERGY": 0.0,
   "DFT XC ENERGY": -9.238968621904114,
   "DISPERSION CORRECTION ENERGY": -0.00035947,
   "NUCLEAR REPULSION ENERGY": 9.179552312853607,
   "ONE-ELECTRON ENERGY": -122.97451878553152,
   "PBE-D3(BJ) DISPERSION CORRECTION ENERGY": -0.00035947,
   "PCM POLARIZATION ENERGY": 0.0,
   "PE ENERGY": 0.0,
   "SCF DIPOLE X": 0.0,
   "SCF DIPOLE Y": 0.0,
   "SCF DIPOLE Z": 1.7980598074689107,
   "SCF ITERATION ENERGY": -76.38811973265013,
   "SCF ITERATIONS": 7.0,
   "SCF TOTAL ENERGY": -76.38811973265013,
   "TWO-ELECTRON ENERGY": 46.646174831931916,
   "XC GRID RADIAL POINTS": 150.0,
   "XC GRID SPHERICAL POINTS": 974.0,
   "XC GRID TOTAL POINTS": 426972.0,
   "CURRENT DIPOLE": [
    0.0,
    0.0,
    0.7074111605932795
   ],
   "SCF DIPOLE": [
    0.0,
    0.0,
    0.7074111605932795
   ]
  }
 },
 "provenance": {
  "creator": "Psi4",
  "version": "1.4a2.dev923",
  "routine": "psi4.schema_runner.run_qcschema",
  "cpu": "Intel(R) Xeon(R) CPU E5-2680 v4 @ 2.40GHz",
  "qcengine_version": "v0.16.0",
  "hostname": "z087",
  "nthreads": 28,
  "memory": 120.0,
  "username": "kraus",
  "wall_time": 12.756963729858398
 },
 "properties": {
  "calcinfo_nbasis": 132,
  "calcinfo_nmo": 132,
  "calcinfo_nalpha": 5,
  "calcinfo_nbeta": 5,
  "calcinfo_natom": 3,
  "nuclear_repulsion_energy": 9.179552312853607,
  "return_energy": -76.38811973265013,
  "scf_one_electron_energy": -122.97451878553152,
  "scf_two_electron_energy": 46.646174831931916,
  "scf_xc_energy": -9.238968621904114,
  "scf_dispersion_correction_energy": -0.00035947,
  "scf_dipole_moment": [
   0.0,
   0.0,
   0.7074111605932795
  ],
  "scf_total_energy": -76.38811973265013,
  "scf_iterations": 7
 },
 "wavefunction": null,
 "return_result": -76.38811973265013,
 "stdout": "\n    -----------------------------------------------------------------------\n          Psi4: An Open-Source Ab Initio Electronic Structure Package\n                               Psi4 1.4a2.dev923 \n\n                         Git: Rev {master} 5de566e \n\n\n    D. G. A. Smith, L. A. Burns, A. C. Simmonett, R. M. Parrish,\n    M. C. Schieber, R. Galvelis, P. Kraus, H. Kruse, R. Di Remigio,\n    A. Alenaizan, A. M. James, S. Lehtola, J. P. Misiewicz, M. Scheurer,\n    R. A. Shaw, J. B. Schriber, Y. Xie, Z. L. Glick, D. A. Sirianni,\n    J. S. O'Brien, J. M. Waldrop, A. Kumar, E. G. Hohenstein,\n    B. P. Pritchard, B. R. Brooks, H. F. Schaefer III, A. Yu. Sokolov,\n    K. Patkowski, A. E. DePrince III, U. Bozkaya, R. A. King,\n    F. A. Evangelista, J. M. Turney, T. D. Crawford, C. D. Sherrill,\n    J. Chem. Phys. 152(18) 184108 (2020). https://doi.org/10.1063/5.0006002\n\n                            Additional Code Authors\n    E. T. Seidl, C. L. Janssen, E. F. Valeev, M. L. Leininger,\n    J. F. Gonthier, R. M. Richard, H. R. McAlexander, M. Saitow, X. Wang,\n    P. Verma, and M. H. Lechner\n\n             Previous Authors, Complete List of Code Contributors,\n                       and Citations for Specific Modules\n    https://github.com/psi4/psi4/blob/master/codemeta.json\n    https://github.com/psi4/psi4/graphs/contributors\n    http://psicode.org/psi4manual/master/introduction.html#citing-psifour\n\n    -----------------------------------------------------------------------\n\n\n    Psi4 started on: Sunday, 04 October 2020 04:50AM\n\n    Process ID: 20642\n    Host:       z087\n    PSIDATADIR: /group/f97/kraus/miniconda3/envs/psi4-1.4a2.dev923/share/psi4\n    Memory:     111.8 GiB\n    Threads:    28\n    \n  ==> Input QCSchema <==\n\n--------------------------------------------------------------------------\n{'driver': 'energy',\n 'extras': {},\n 'id': None,\n 'keywords': {'dft_radial_points': 150, 'dft_spherical_points': 974, 'guess': 'SAP', 'reference': 'RKS'},\n 'model': {'basis': 'def2-qzvpd', 'method': 'pbe-d3bj'},\n 'molecule': {'fix_com': False,\n              'fix_orientation': False,\n              'geometry': [0.0, 0.0, 0.0, 0.0, 0.0, 1.81196567, 1.75549071, 0.0, -0.44885628],\n              'molecular_charge': 0.0,\n              'molecular_multiplicity': 1,\n              'name': 'H2O',\n              'provenance': {'creator': 'QCElemental',\n                             'routine': 'qcelemental.molparse.from_schema',\n                             'version': 'v0.16.0'},\n              'schema_name': 'qcschema_molecule',\n              'schema_version': 2,\n              'symbols': ['O', 'H', 'H'],\n              'validated': True},\n 'protocols': {},\n 'provenance': {'creator': 'QCElemental', 'routine': 'qcelemental.models.results', 'version': 'v0.16.0'},\n 'schema_name': 'qcschema_input',\n 'schema_version': 1}\n--------------------------------------------------------------------------\n\nScratch directory: /tmp/tmpd5dmaq7w_psi_scratch/\n\n*** tstart() called on z087\n*** at Sun Oct  4 04:50:01 2020\n\n   => Loading Basis Set <=\n\n    Name: DEF2-QZVPD\n    Role: ORBITAL\n    Keyword: BASIS\n    atoms 1   entry O          line   305 file /group/f97/kraus/miniconda3/envs/psi4-1.4a2.dev923/share/psi4/basis/def2-qzvpd.gbs \n    atoms 2-3 entry H          line    14 file /group/f97/kraus/miniconda3/envs/psi4-1.4a2.dev923/share/psi4/basis/def2-qzvpd.gbs \n\n   => PBE-D3(BJ): Empirical Dispersion <=\n\n    Grimme's -D3 (BJ-damping) Dispersion Correction\n    Grimme S.; Ehrlich S.; Goerigk L. (2011), J. Comput. Chem., 32: 1456\n\n        s6 =       1.000000\n        s8 =       0.787500\n        a1 =       0.428900\n        a2 =       4.440700\n\n\n         ---------------------------------------------------------\n                                   SCF\n               by Justin Turney, Rob Parrish, Andy Simmonett\n                          and Daniel G. A. Smith\n                              RKS Reference\n                       28 Threads, 114440 MiB Core\n         ---------------------------------------------------------\n\n  ==> Geometry <==\n\n    Molecular point group: c2v\n    Full point group: C2v\n\n    Geometry (in Bohr), charge = 0, multiplicity = 1:\n\n       Center              X                  Y                   Z               Mass       \n    ------------   -----------------  -----------------  -----------------  -----------------\n         O           -0.000000000000     0.000000000000    -0.124369287699    15.994914619570\n         H           -0.000000000000     1.431176397452     0.986915424020     1.007825032230\n         H            0.000000000000    -1.431176397452     0.986915424020     1.007825032230\n\n  Running in c2v symmetry.\n\n  Rotational constants: A =     27.23164  B =     14.58118  C =      9.49636 [cm^-1]\n  Rotational constants: A = 816384.06843  B = 437132.87204  C = 284693.64952 [MHz]\n  Nuclear 