{
 "id": null,
 "schema_name": "qcschema_output",
 "schema_version": 1,
 "molecule": {
  "schema_name": "qcschema_molecule",
  "schema_version": 2,
  "validated": true,
  "symbols": [
   "B",
   "H",
   "H",
   "H"
  ],
  "geometry": [
   -9.957466210356083e-35,
   0.0,
   -1.4363868016049497e-08,
   5.979449133533975e-17,
   -1.9530363,
   -1.127585984363868,
   -5.979449133533975e-17,
   1.9530363,
   -1.127585984363868,
   -9.957466210356083e-35,
   0.0,
   2.255172125636132
  ],
  "name": "BH3",
  "molecular_charge": 0.0,
  "molecular_multiplicity": 1,
  "fix_com": false,
  "fix_orientation": false,
  "provenance": {
   "creator": "QCElemental",
   "version": "v0.16.0",
   "routine": "qcelemental.molparse.from_schema"
  }
 },
 "driver": "energy",
 "model": {
  "method": "pbe0-d3bj",
  "basis": "def2-qzvpd"
 },
 "keywords": {
  "reference": "RKS",
  "dft_spherical_points": 974,
  "dft_radial_points": 150,
  "guess": "SAP"
 },
 "protocols": {},
 "extras": {
  "qcvars": {
   "2-BODY DISPERSION CORRECTION ENERGY": -0.00067001,
   "CURRENT DIPOLE X": -2.4345823356276402e-34,
   "CURRENT DIPOLE Y": 0.0,
   "CURRENT DIPOLE Z": -7.776875187953781e-08,
   "CURRENT ENERGY": -26.56913761596688,
   "CURRENT REFERENCE ENERGY": -26.56913761596688,
   "DFT FUNCTIONAL TOTAL ENERGY": -26.56846760596688,
   "DFT TOTAL ENERGY": -26.56913761596688,
   "DFT VV10 ENERGY": 0.0,
   "DFT XC ENERGY": -3.854103721408002,
   "DISPERSION CORRECTION ENERGY": -0.00067001,
   "NUCLEAR REPULSION ENERGY": 7.419412038931414,
   "ONE-ELECTRON ENERGY": -49.089294550013655,
   "PBE0-D3(BJ) DISPERSION CORRECTION ENERGY": -0.00067001,
   "PCM POLARIZATION ENERGY": 0.0,
   "PE ENERGY": 0.0,
   "SCF DIPOLE X": -2.4345823356276402e-34,
   "SCF DIPOLE Y": 0.0,
   "SCF DIPOLE Z": -7.776875187953781e-08,
   "SCF ITERATION ENERGY": -26.56913761596688,
   "SCF ITERATIONS": 5.0,
   "SCF TOTAL ENERGY": -26.56913761596688,
   "TWO-ELECTRON ENERGY": 18.955518626523364,
   "XC GRID RADIAL POINTS": 150.0,
   "XC GRID SPHERICAL POINTS": 974.0,
   "XC GRID TOTAL POINTS": 566866.0,
   "CURRENT DIPOLE": [
    -9.578383925007593e-35,
    0.0,
    -3.059658126858267e-08
   ],
   "SCF DIPOLE": [
    -9.578383925007593e-35,
    0.0,
    -3.059658126858267e-08
   ]
  }
 },
 "provenance": {
  "creator": "Psi4",
  "version": "1.4a2.dev923",
  "routine": "psi4.schema_runner.run_qcschema",
  "nthreads": 28,
  "username": "kraus",
  "cpu": "Intel(R) Xeon(R) CPU E5-2680 v4 @ 2.40GHz",
  "wall_time": 15.50494384765625,
  "hostname": "z060",
  "qcengine_version": "v0.16.0",
  "memory": 120.0
 },
 "properties": {
  "calcinfo_nbasis": 162,
  "calcinfo_nmo": 162,
  "calcinfo_nalpha": 4,
  "calcinfo_nbeta": 4,
  "calcinfo_natom": 4,
  "nuclear_repulsion_energy": 7.419412038931414,
  "return_energy": -26.56913761596688,
  "scf_one_electron_energy": -49.089294550013655,
  "scf_two_electron_energy": 18.955518626523364,
  "scf_xc_energy": -3.854103721408002,
  "scf_dispersion_correction_energy": -0.00067001,
  "scf_dipole_moment": [
   -9.578383925007593e-35,
   0.0,
   -3.059658126858267e-08
  ],
  "scf_total_energy": -26.56913761596688,
  "scf_iterations": 5
 },
 "wavefunction": null,
 "return_result": -26.56913761596688,
 "stdout": "\n    -----------------------------------------------------------------------\n          Psi4: An Open-Source Ab Initio Electronic Structure Package\n                               Psi4 1.4a2.dev923 \n\n                         Git: Rev {master} 5de566e \n\n\n    D. G. A. Smith, L. A. Burns, A. C. Simmonett, R. M. Parrish,\n    M. C. Schieber, R. Galvelis, P. Kraus, H. Kruse, R. Di Remigio,\n    A. Alenaizan, A. M. James, S. Lehtola, J. P. Misiewicz, M. Scheurer,\n    R. A. Shaw, J. B. Schriber, Y. Xie, Z. L. Glick, D. A. Sirianni,\n    J. S. O'Brien, J. M. Waldrop, A. Kumar, E. G. Hohenstein,\n    B. P. Pritchard, B. R. Brooks, H. F. Schaefer III, A. Yu. Sokolov,\n    K. Patkowski, A. E. DePrince III, U. Bozkaya, R. A. King,\n    F. A. Evangelista, J. M. Turney, T. D. Crawford, C. D. Sherrill,\n    J. Chem. Phys. 152(18) 184108 (2020). https://doi.org/10.1063/5.0006002\n\n                            Additional Code Authors\n    E. T. Seidl, C. L. Janssen, E. F. Valeev, M. L. Leininger,\n    J. F. Gonthier, R. M. Richard, H. R. McAlexander, M. Saitow, X. Wang,\n    P. Verma, and M. H. Lechner\n\n             Previous Authors, Complete List of Code Contributors,\n                       and Citations for Specific Modules\n    https://github.com/psi4/psi4/blob/master/codemeta.json\n    https://github.com/psi4/psi4/graphs/contributors\n    http://psicode.org/psi4manual/master/introduction.html#citing-psifour\n\n    -----------------------------------------------------------------------\n\n\n    Psi4 started on: Thursday, 01 October 2020 02:40AM\n\n    Process ID: 14897\n    Host:       z060\n    PSIDATADIR: /group/f97/kraus/miniconda3/envs/psi4-1.4a2.dev923/share/psi4\n    Memory:     111.8 GiB\n    Threads:    28\n    \n  ==> Input QCSchema <==\n\n--------------------------------------------------------------------------\n{'driver': 'energy',\n 'extras': {},\n 'id': None,\n 'keywords': {'dft_radial_points': 150, 'dft_spherical_points': 974, 'guess': 'SAP', 'reference': 'RKS'},\n 'model': {'basis': 'def2-qzvpd', 'method': 'pbe0-d3bj'},\n 'molecule': {'fix_com': False,\n              'fix_orientation': False,\n              'geometry': [0.0, 0.0, 0.0, -1.12758597, 1.9530363, 0.0, -1.12758597, -1.9530363, 0.0, 2.25517214, 0.0,\n                           0.0],\n              'molecular_charge': 0.0,\n              'molecular_multiplicity': 1,\n              'name': 'BH3',\n              'provenance': {'creator': 'QCElemental',\n                             'routine': 'qcelemental.molparse.from_schema',\n                             'version': 'v0.16.0'},\n              'schema_name': 'qcschema_molecule',\n              'schema_version': 2,\n              'symbols': ['B', 'H', 'H', 'H'],\n              'validated': True},\n 'protocols': {},\n 'provenance': {'creator': 'QCElemental', 'routine': 'qcelemental.models.results', 'version': 'v0.16.0'},\n 'schema_name': 'qcschema_input',\n 'schema_version': 1}\n--------------------------------------------------------------------------\n\nScratch directory: /tmp/tmp2_ntxh7o_psi_scratch/\n\n*** tstart() called on z060\n*** at Thu Oct  1 02:40:20 2020\n\n   => Loading Basis Set <=\n\n    Name: DEF2-QZVPD\n    Role: ORBITAL\n    Keyword: BASIS\n    atoms 1   entry B          line   149 file /group/f97/kraus/miniconda3/envs/psi4-1.4a2.dev923/share/psi4/basis/def2-qzvpd.gbs \n    atoms 2-4 entry H          line    14 file /group/f97/kraus/miniconda3/envs/psi4-1.4a2.dev923/share/psi4/basis/def2-qzvpd.gbs \n\n   => PBE0-D3(BJ): Empirical Dispersion <=\n\n    Grimme's -D3 (BJ-damping) Dispersion Correction\n    Grimme S.; Ehrlich S.; Goerigk L. (2011), J. Comput. Chem., 32: 1456\n\n        s6 =       1.000000\n        s8 =       1.217700\n        a1 =       0.414500\n        a2 =       4.859300\n\n\n         ---------------------------------------------------------\n                                   SCF\n               by Justin Turney, Rob Parrish, Andy Simmonett\n                          and Daniel G. A. Smith\n                              RKS Reference\n                       28 Threads, 114440 MiB Core\n         ---------------------------------------------------------\n\n  ==> Geometry <==\n\n    Molecular point group: c2v\n    Full point group: D1h\n\n    Geometry (in Bohr), charge = 0, multiplicity = 1:\n\n       Center              X                  Y                   Z               Mass       \n    ------------   -----------------  -----------------  -----------------  -----------------\n         B           -0.000000000000     0.000000000000    -0.000000014364    11.009305360000\n         H            0.000000000000    -1.953036300000    -1.127585984364     1.007825032230\n         H           -0.000000000000     1.953036300000    -1.127585984364  