{
 "id": null,
 "schema_name": "qcschema_output",
 "schema_version": 1,
 "molecule": {
  "schema_name": "qcschema_molecule",
  "schema_version": 2,
  "validated": true,
  "symbols": [
   "N",
   "H",
   "H",
   "H"
  ],
  "geometry": [
   -5.919138556637019e-10,
   0.1262744104649255,
   0.0,
   -0.8863047205919139,
   -0.5848336295350746,
   1.53512481,
   -0.8863047205919139,
   -0.5848336295350746,
   -1.53512481,
   1.7726094494080862,
   -0.5848336295350746,
   0.0
  ],
  "name": "H3N",
  "molecular_charge": 0.0,
  "molecular_multiplicity": 1,
  "fix_com": false,
  "fix_orientation": false,
  "provenance": {
   "creator": "QCElemental",
   "version": "v0.16.0",
   "routine": "qcelemental.molparse.from_schema"
  }
 },
 "driver": "energy",
 "model": {
  "method": "pbe0-d3bj",
  "basis": "cc-pvdz"
 },
 "keywords": {
  "reference": "RKS",
  "dft_spherical_points": 974,
  "dft_radial_points": 150,
  "guess": "SAP"
 },
 "protocols": {},
 "extras": {
  "qcvars": {
   "2-BODY DISPERSION CORRECTION ENERGY": -0.0005886,
   "CURRENT DIPOLE X": 8.920516591509392e-09,
   "CURRENT DIPOLE Y": -1.6054862113579753,
   "CURRENT DIPOLE Z": 0.0,
   "CURRENT ENERGY": -56.48589383266374,
   "CURRENT REFERENCE ENERGY": -56.48589383266374,
   "DFT FUNCTIONAL TOTAL ENERGY": -56.48530523266374,
   "DFT TOTAL ENERGY": -56.48589383266374,
   "DFT VV10 ENERGY": 0.0,
   "DFT XC ENERGY": -6.060596594647861,
   "DISPERSION CORRECTION ENERGY": -0.0005886,
   "NUCLEAR REPULSION ENERGY": 11.972307277240503,
   "ONE-ELECTRON ENERGY": -99.78251300410714,
   "PBE0-D3(BJ) DISPERSION CORRECTION ENERGY": -0.0005886,
   "PCM POLARIZATION ENERGY": 0.0,
   "PE ENERGY": 0.0,
   "SCF DIPOLE X": 8.920516591509392e-09,
   "SCF DIPOLE Y": -1.6054862113579753,
   "SCF DIPOLE Z": 0.0,
   "SCF ITERATION ENERGY": -56.48589383266374,
   "SCF ITERATIONS": 7.0,
   "SCF TOTAL ENERGY": -56.48589383266374,
   "TWO-ELECTRON ENERGY": 37.38549708885076,
   "XC GRID RADIAL POINTS": 150.0,
   "XC GRID SPHERICAL POINTS": 974.0,
   "XC GRID TOTAL POINTS": 562054.0,
   "CURRENT DIPOLE": [
    3.5096012762636515e-09,
    -0.6316468781380566,
    0.0
   ],
   "SCF DIPOLE": [
    3.5096012762636515e-09,
    -0.6316468781380566,
    0.0
   ]
  }
 },
 "provenance": {
  "creator": "Psi4",
  "version": "1.4a2.dev923",
  "routine": "psi4.schema_runner.run_qcschema",
  "username": "kraus",
  "qcengine_version": "v0.16.0",
  "cpu": "Intel(R) Xeon(R) CPU E5-2680 v4 @ 2.40GHz",
  "memory": 120.0,
  "nthreads": 28,
  "hostname": "z083",
  "wall_time": 10.919833898544312
 },
 "properties": {
  "calcinfo_nbasis": 29,
  "calcinfo_nmo": 29,
  "calcinfo_nalpha": 5,
  "calcinfo_nbeta": 5,
  "calcinfo_natom": 4,
  "nuclear_repulsion_energy": 11.972307277240503,
  "return_energy": -56.48589383266374,
  "scf_one_electron_energy": -99.78251300410714,
  "scf_two_electron_energy": 37.38549708885076,
  "scf_xc_energy": -6.060596594647861,
  "scf_dispersion_correction_energy": -0.0005886,
  "scf_dipole_moment": [
   3.5096012762636515e-09,
   -0.6316468781380566,
   0.0
  ],
  "scf_total_energy": -56.48589383266374,
  "scf_iterations": 7
 },
 "wavefunction": null,
 "return_result": -56.48589383266374,
 "stdout": "\n    -----------------------------------------------------------------------\n          Psi4: An Open-Source Ab Initio Electronic Structure Package\n                               Psi4 1.4a2.dev923 \n\n                         Git: Rev {master} 5de566e \n\n\n    D. G. A. Smith, L. A. Burns, A. C. Simmonett, R. M. Parrish,\n    M. C. Schieber, R. Galvelis, P. Kraus, H. Kruse, R. Di Remigio,\n    A. Alenaizan, A. M. James, S. Lehtola, J. P. Misiewicz, M. Scheurer,\n    R. A. Shaw, J. B. Schriber, Y. Xie, Z. L. Glick, D. A. Sirianni,\n    J. S. O'Brien, J. M. Waldrop, A. Kumar, E. G. Hohenstein,\n    B. P. Pritchard, B. R. Brooks, H. F. Schaefer III, A. Yu. Sokolov,\n    K. Patkowski, A. E. DePrince III, U. Bozkaya, R. A. King,\n    F. A. Evangelista, J. M. Turney, T. D. Crawford, C. D. Sherrill,\n    J. Chem. Phys. 152(18) 184108 (2020). https://doi.org/10.1063/5.0006002\n\n                            Additional Code Authors\n    E. T. Seidl, C. L. Janssen, E. F. Valeev, M. L. Leininger,\n    J. F. Gonthier, R. M. Richard, H. R. McAlexander, M. Saitow, X. Wang,\n    P. Verma, and M. H. Lechner\n\n             Previous Authors, Complete List of Code Contributors,\n                       and Citations for Specific Modules\n    https://github.com/psi4/psi4/blob/master/codemeta.json\n    https://github.com/psi4/psi4/graphs/contributors\n    http://psicode.org/psi4manual/master/introduction.html#citing-psifour\n\n    -----------------------------------------------------------------------\n\n\n    Psi4 started on: Monday, 28 September 2020 01:53AM\n\n    Process ID: 15418\n    Host:       z083\n    PSIDATADIR: /group/f97/kraus/miniconda3/envs/psi4-1.4a2.dev923/share/psi4\n    Memory:     111.8 GiB\n    Threads:    28\n    \n  ==> Input QCSchema <==\n\n--------------------------------------------------------------------------\n{'driver': 'energy',\n 'extras': {},\n 'id': None,\n 'keywords': {'dft_radial_points': 150, 'dft_spherical_points': 974, 'guess': 'SAP', 'reference': 'RKS'},\n 'model': {'basis': 'cc-pvdz', 'method': 'pbe0-d3bj'},\n 'molecule': {'fix_com': False,\n              'fix_orientation': False,\n              'geometry': [0.0, 0.0, 0.53333103, 0.88630472, 1.53512481, -0.17777701, 0.88630472, -1.53512481,\n                           -0.17777701, -1.77260945, 0.0, -0.17777701],\n              'molecular_charge': 0.0,\n              'molecular_multiplicity': 1,\n              'name': 'H3N',\n              'provenance': {'creator': 'QCElemental',\n                             'routine': 'qcelemental.molparse.from_schema',\n                             'version': 'v0.16.0'},\n              'schema_name': 'qcschema_molecule',\n              'schema_version': 2,\n              'symbols': ['N', 'H', 'H', 'H'],\n              'validated': True},\n 'protocols': {},\n 'provenance': {'creator': 'QCElemental', 'routine': 'qcelemental.models.results', 'version': 'v0.16.0'},\n 'schema_name': 'qcschema_input',\n 'schema_version': 1}\n--------------------------------------------------------------------------\n\nScratch directory: /tmp/tmpl4xz_r0i_psi_scratch/\n\n*** tstart() called on z083\n*** at Mon Sep 28 01:53:37 2020\n\n   => Loading Basis Set <=\n\n    Name: CC-PVDZ\n    Role: ORBITAL\n    Keyword: BASIS\n    atoms 1   entry N          line   168 file /group/f97/kraus/miniconda3/envs/psi4-1.4a2.dev923/share/psi4/basis/cc-pvdz.gbs \n    atoms 2-4 entry H          line    22 file /group/f97/kraus/miniconda3/envs/psi4-1.4a2.dev923/share/psi4/basis/cc-pvdz.gbs \n\n   => PBE0-D3(BJ): Empirical Dispersion <=\n\n    Grimme's -D3 (BJ-damping) Dispersion Correction\n    Grimme S.; Ehrlich S.; Goerigk L. (2011), J. Comput. Chem., 32: 1456\n\n        s6 =       1.000000\n        s8 =       1.217700\n        a1 =       0.414500\n        a2 =       4.859300\n\n\n         ---------------------------------------------------------\n                                   SCF\n               by Justin Turney, Rob Parrish, Andy Simmonett\n                          and Daniel G. A. Smith\n                              RKS Reference\n                       28 Threads, 114440 MiB Core\n         ---------------------------------------------------------\n\n  ==> Geometry <==\n\n    Molecular point group: cs\n    Full point group: C1h\n\n    Geometry (in Bohr), charge = 0, multiplicity = 1:\n\n       Center              X                  Y                   Z               Mass       \n    ------------   -----------------  -----------------  -----------------  -----------------\n         N           -0.000000000592     0.126274410465     0.000000000000    14.003074004430\n         H           -0.886304720592    -0.584833629535     1.535124810000     1.007825032230\n         H           -0.886304720592    -0.584833629535    -1.535124810000     