{
 "id": null,
 "schema_name": "qcschema_output",
 "schema_version": 1,
 "molecule": {
  "schema_name": "qcschema_molecule",
  "schema_version": 2,
  "validated": true,
  "symbols": [
   "F",
   "O",
   "O",
   "F"
  ],
  "geometry": [
   2.319611402297355,
   1.602095826942293,
   0.9067119583701706,
   0.26230330941588376,
   1.1361454939080398,
   -1.0769722594523023,
   -0.26230330941588376,
   -1.1361454939080398,
   -1.0769722594523023,
   -2.319611402297355,
   -1.602095826942293,
   0.9067119583701706
  ],
  "name": "F2O2",
  "molecular_charge": 0.0,
  "molecular_multiplicity": 1,
  "fix_com": false,
  "fix_orientation": false,
  "provenance": {
   "creator": "QCElemental",
   "version": "v0.16.0",
   "routine": "qcelemental.molparse.from_schema"
  }
 },
 "driver": "energy",
 "model": {
  "method": "pbe0-d3bj",
  "basis": "def2-svp"
 },
 "keywords": {
  "reference": "RKS",
  "dft_spherical_points": 974,
  "dft_radial_points": 150,
  "guess": "SAP"
 },
 "protocols": {},
 "extras": {
  "qcvars": {
   "2-BODY DISPERSION CORRECTION ENERGY": -0.00086384,
   "CURRENT DIPOLE X": -1.1287621734612623e-15,
   "CURRENT DIPOLE Y": -1.1287621734612623e-15,
   "CURRENT DIPOLE Z": -1.1409527125974612,
   "CURRENT ENERGY": -349.1857479771982,
   "CURRENT REFERENCE ENERGY": -349.1857479771982,
   "DFT FUNCTIONAL TOTAL ENERGY": -349.18488413719825,
   "DFT TOTAL ENERGY": -349.1857479771983,
   "DFT VV10 ENERGY": 0.0,
   "DFT XC ENERGY": -28.395853317665182,
   "DISPERSION CORRECTION ENERGY": -0.00086384,
   "NUCLEAR REPULSION ENERGY": 125.38798821117469,
   "ONE-ELECTRON ENERGY": -733.3678841265303,
   "PBE0-D3(BJ) DISPERSION CORRECTION ENERGY": -0.00086384,
   "PCM POLARIZATION ENERGY": 0.0,
   "PE ENERGY": 0.0,
   "SCF DIPOLE X": -1.1287621734612623e-15,
   "SCF DIPOLE Y": -1.1287621734612623e-15,
   "SCF DIPOLE Z": -1.1409527125974612,
   "SCF ITERATION ENERGY": -349.1857479771982,
   "SCF ITERATIONS": 9.0,
   "SCF TOTAL ENERGY": -349.1857479771982,
   "TWO-ELECTRON ENERGY": 287.19086509582246,
   "XC GRID RADIAL POINTS": 150.0,
   "XC GRID SPHERICAL POINTS": 974.0,
   "XC GRID TOTAL POINTS": 539602.0,
   "CURRENT DIPOLE": [
    -4.440892098500626e-16,
    -4.440892098500626e-16,
    -0.44888533698820027
   ],
   "SCF DIPOLE": [
    -4.440892098500626e-16,
    -4.440892098500626e-16,
    -0.44888533698820027
   ]
  }
 },
 "provenance": {
  "creator": "Psi4",
  "version": "1.4a2.dev923",
  "routine": "psi4.schema_runner.run_qcschema",
  "wall_time": 10.9243483543396,
  "hostname": "z056",
  "memory": 120.0,
  "cpu": "Intel(R) Xeon(R) CPU E5-2680 v4 @ 2.40GHz",
  "qcengine_version": "v0.16.0",
  "nthreads": 28,
  "username": "kraus"
 },
 "properties": {
  "calcinfo_nbasis": 56,
  "calcinfo_nmo": 56,
  "calcinfo_nalpha": 17,
  "calcinfo_nbeta": 17,
  "calcinfo_natom": 4,
  "nuclear_repulsion_energy": 125.38798821117469,
  "return_energy": -349.1857479771982,
  "scf_one_electron_energy": -733.3678841265303,
  "scf_two_electron_energy": 287.19086509582246,
  "scf_xc_energy": -28.395853317665182,
  "scf_dispersion_correction_energy": -0.00086384,
  "scf_dipole_moment": [
   -4.440892098500626e-16,
   -4.440892098500626e-16,
   -0.44888533698820027
  ],
  "scf_total_energy": -349.1857479771982,
  "scf_iterations": 9
 },
 "wavefunction": null,
 "return_result": -349.1857479771982,
 "stdout": "\n    -----------------------------------------------------------------------\n          Psi4: An Open-Source Ab Initio Electronic Structure Package\n                               Psi4 1.4a2.dev923 \n\n                         Git: Rev {master} 5de566e \n\n\n    D. G. A. Smith, L. A. Burns, A. C. Simmonett, R. M. Parrish,\n    M. C. Schieber, R. Galvelis, P. Kraus, H. Kruse, R. Di Remigio,\n    A. Alenaizan, A. M. James, S. Lehtola, J. P. Misiewicz, M. Scheurer,\n    R. A. Shaw, J. B. Schriber, Y. Xie, Z. L. Glick, D. A. Sirianni,\n    J. S. O'Brien, J. M. Waldrop, A. Kumar, E. G. Hohenstein,\n    B. P. Pritchard, B. R. Brooks, H. F. Schaefer III, A. Yu. Sokolov,\n    K. Patkowski, A. E. DePrince III, U. Bozkaya, R. A. King,\n    F. A. Evangelista, J. M. Turney, T. D. Crawford, C. D. Sherrill,\n    J. Chem. Phys. 152(18) 184108 (2020). https://doi.org/10.1063/5.0006002\n\n                            Additional Code Authors\n    E. T. Seidl, C. L. Janssen, E. F. Valeev, M. L. Leininger,\n    J. F. Gonthier, R. M. Richard, H. R. McAlexander, M. Saitow, X. Wang,\n    P. Verma, and M. H. Lechner\n\n             Previous Authors, Complete List of Code Contributors,\n                       and Citations for Specific Modules\n    https://github.com/psi4/psi4/blob/master/codemeta.json\n    https://github.com/psi4/psi4/graphs/contributors\n    http://psicode.org/psi4manual/master/introduction.html#citing-psifour\n\n    -----------------------------------------------------------------------\n\n\n    Psi4 started on: Saturday, 26 September 2020 01:34AM\n\n    Process ID: 7553\n    Host:       z056\n    PSIDATADIR: /group/f97/kraus/miniconda3/envs/psi4-1.4a2.dev923/share/psi4\n    Memory:     111.8 GiB\n    Threads:    28\n    \n  ==> Input QCSchema <==\n\n--------------------------------------------------------------------------\n{'driver': 'energy',\n 'extras': {},\n 'id': None,\n 'keywords': {'dft_radial_points': 150, 'dft_spherical_points': 974, 'guess': 'SAP', 'reference': 'RKS'},\n 'model': {'basis': 'def2-svp', 'method': 'pbe0-d3bj'},\n 'molecule': {'fix_com': False,\n              'fix_orientation': False,\n              'geometry': [0.0, 0.0, 0.0, 0.0, 0.0, 2.89562245, 2.21208552, 0.0, 3.6339964, 3.11929502, 2.74408715,\n                           3.81172096],\n              'molecular_charge': 0.0,\n              'molecular_multiplicity': 1,\n              'name': 'F2O2',\n              'provenance': {'creator': 'QCElemental',\n                             'routine': 'qcelemental.molparse.from_schema',\n                             'version': 'v0.16.0'},\n              'schema_name': 'qcschema_molecule',\n              'schema_version': 2,\n              'symbols': ['F', 'O', 'O', 'F'],\n              'validated': True},\n 'protocols': {},\n 'provenance': {'creator': 'QCElemental', 'routine': 'qcelemental.models.results', 'version': 'v0.16.0'},\n 'schema_name': 'qcschema_input',\n 'schema_version': 1}\n--------------------------------------------------------------------------\n\nScratch directory: /tmp/tmp0qsdiiwc_psi_scratch/\n\n*** tstart() called on z056\n*** at Sat Sep 26 01:34:14 2020\n\n   => Loading Basis Set <=\n\n    Name: DEF2-SVP\n    Role: ORBITAL\n    Keyword: BASIS\n    atoms 1, 4 entry F          line   150 file /group/f97/kraus/miniconda3/envs/psi4-1.4a2.dev923/share/psi4/basis/def2-svp.gbs \n    atoms 2-3  entry O          line   130 file /group/f97/kraus/miniconda3/envs/psi4-1.4a2.dev923/share/psi4/basis/def2-svp.gbs \n\n   => PBE0-D3(BJ): Empirical Dispersion <=\n\n    Grimme's -D3 (BJ-damping) Dispersion Correction\n    Grimme S.; Ehrlich S.; Goerigk L. (2011), J. Comput. Chem., 32: 1456\n\n        s6 =       1.000000\n        s8 =       1.217700\n        a1 =       0.414500\n        a2 =       4.859300\n\n\n         ---------------------------------------------------------\n                                   SCF\n               by Justin Turney, Rob Parrish, Andy Simmonett\n                          and Daniel G. A. Smith\n                              RKS Reference\n                       28 Threads, 114440 MiB Core\n         ---------------------------------------------------------\n\n  ==> Geometry <==\n\n    Molecular point group: c2\n    Full point group: C2\n\n    Geometry (in Bohr), charge = 0, multiplicity = 1:\n\n       Center              X                  Y                   Z               Mass       \n    ------------   -----------------  -----------------  -----------------  -----------------\n         F            2.319611402297     1.602095826942     0.906711958370    18.998403162730\n         O            0.262303309416     