{
 "id": null,
 "schema_name": "qcschema_output",
 "schema_version": 1,
 "molecule": {
  "schema_name": "qcschema_molecule",
  "schema_version": 2,
  "validated": true,
  "symbols": [
   "H",
   "Si",
   "H",
   "H",
   "H"
  ],
  "geometry": [
   6.984947220623345e-17,
   -2.281456901111909,
   1.6132336454048783,
   5.565622649733204e-27,
   0.0,
   2.57085686490982e-10,
   -6.984947236073351e-17,
   2.281456901111909,
   1.6132336454048786,
   2.2814568999999993,
   6.984947224944106e-17,
   -1.61323364897319,
   -2.2814568999999993,
   -6.984947224944106e-17,
   -1.61323364897319
  ],
  "name": "H4Si",
  "molecular_charge": 0.0,
  "molecular_multiplicity": 1,
  "fix_com": false,
  "fix_orientation": false,
  "provenance": {
   "creator": "QCElemental",
   "version": "v0.16.0",
   "routine": "qcelemental.molparse.from_schema"
  }
 },
 "driver": "energy",
 "model": {
  "method": "pbe0-d3bj",
  "basis": "aug-cc-pvdz"
 },
 "keywords": {
  "reference": "RKS",
  "dft_spherical_points": 974,
  "dft_radial_points": 150,
  "guess": "SAP"
 },
 "protocols": {},
 "extras": {
  "qcvars": {
   "2-BODY DISPERSION CORRECTION ENERGY": -0.00149494,
   "CURRENT DIPOLE X": 0.0,
   "CURRENT DIPOLE Y": 0.0,
   "CURRENT DIPOLE Z": 4.4600791047596596e-09,
   "CURRENT ENERGY": -291.7436395912203,
   "CURRENT REFERENCE ENERGY": -291.7436395912203,
   "DFT FUNCTIONAL TOTAL ENERGY": -291.74214465122026,
   "DFT TOTAL ENERGY": -291.74363959122024,
   "DFT VV10 ENERGY": 0.0,
   "DFT XC ENERGY": -16.803030017971555,
   "DISPERSION CORRECTION ENERGY": -0.00149494,
   "NUCLEAR REPULSION ENERGY": 21.356444867201184,
   "ONE-ELECTRON ENERGY": -445.7818653633568,
   "PBE0-D3(BJ) DISPERSION CORRECTION ENERGY": -0.00149494,
   "PCM POLARIZATION ENERGY": 0.0,
   "PE ENERGY": 0.0,
   "SCF DIPOLE X": 0.0,
   "SCF DIPOLE Y": 0.0,
   "SCF DIPOLE Z": 4.4600791047596596e-09,
   "SCF ITERATION ENERGY": -291.7436395912203,
   "SCF ITERATIONS": 5.0,
   "SCF TOTAL ENERGY": -291.7436395912203,
   "TWO-ELECTRON ENERGY": 149.48630586290693,
   "XC GRID RADIAL POINTS": 150.0,
   "XC GRID SPHERICAL POINTS": 974.0,
   "XC GRID TOTAL POINTS": 706818.0,
   "CURRENT DIPOLE": [
    0.0,
    0.0,
    1.7547301389697623e-09
   ],
   "SCF DIPOLE": [
    0.0,
    0.0,
    1.7547301389697623e-09
   ]
  }
 },
 "provenance": {
  "creator": "Psi4",
  "version": "1.4a2.dev923",
  "routine": "psi4.schema_runner.run_qcschema",
  "memory": 120.0,
  "wall_time": 10.74333143234253,
  "nthreads": 28,
  "hostname": "z068",
  "username": "kraus",
  "cpu": "Intel(R) Xeon(R) CPU E5-2680 v4 @ 2.40GHz",
  "qcengine_version": "v0.16.0"
 },
 "properties": {
  "calcinfo_nbasis": 63,
  "calcinfo_nmo": 63,
  "calcinfo_nalpha": 9,
  "calcinfo_nbeta": 9,
  "calcinfo_natom": 5,
  "nuclear_repulsion_energy": 21.356444867201184,
  "return_energy": -291.7436395912203,
  "scf_one_electron_energy": -445.7818653633568,
  "scf_two_electron_energy": 149.48630586290693,
  "scf_xc_energy": -16.803030017971555,
  "scf_dispersion_correction_energy": -0.00149494,
  "scf_dipole_moment": [
   0.0,
   0.0,
   1.7547301389697623e-09
  ],
  "scf_total_energy": -291.7436395912203,
  "scf_iterations": 5
 },
 "wavefunction": null,
 "return_result": -291.7436395912203,
 "stdout": "\n    -----------------------------------------------------------------------\n          Psi4: An Open-Source Ab Initio Electronic Structure Package\n                               Psi4 1.4a2.dev923 \n\n                         Git: Rev {master} 5de566e \n\n\n    D. G. A. Smith, L. A. Burns, A. C. Simmonett, R. M. Parrish,\n    M. C. Schieber, R. Galvelis, P. Kraus, H. Kruse, R. Di Remigio,\n    A. Alenaizan, A. M. James, S. Lehtola, J. P. Misiewicz, M. Scheurer,\n    R. A. Shaw, J. B. Schriber, Y. Xie, Z. L. Glick, D. A. Sirianni,\n    J. S. O'Brien, J. M. Waldrop, A. Kumar, E. G. Hohenstein,\n    B. P. Pritchard, B. R. Brooks, H. F. Schaefer III, A. Yu. Sokolov,\n    K. Patkowski, A. E. DePrince III, U. Bozkaya, R. A. King,\n    F. A. Evangelista, J. M. Turney, T. D. Crawford, C. D. Sherrill,\n    J. Chem. Phys. 152(18) 184108 (2020). https://doi.org/10.1063/5.0006002\n\n                            Additional Code Authors\n    E. T. Seidl, C. L. Janssen, E. F. Valeev, M. L. Leininger,\n    J. F. Gonthier, R. M. Richard, H. R. McAlexander, M. Saitow, X. Wang,\n    P. Verma, and M. H. Lechner\n\n             Previous Authors, Complete List of Code Contributors,\n                       and Citations for Specific Modules\n    https://github.com/psi4/psi4/blob/master/codemeta.json\n    https://github.com/psi4/psi4/graphs/contributors\n    http://psicode.org/psi4manual/master/introduction.html#citing-psifour\n\n    -----------------------------------------------------------------------\n\n\n    Psi4 started on: Friday, 25 September 2020 11:49PM\n\n    Process ID: 7245\n    Host:       z068\n    PSIDATADIR: /group/f97/kraus/miniconda3/envs/psi4-1.4a2.dev923/share/psi4\n    Memory:     111.8 GiB\n    Threads:    28\n    \n  ==> Input QCSchema <==\n\n--------------------------------------------------------------------------\n{'driver': 'energy',\n 'extras': {},\n 'id': None,\n 'keywords': {'dft_radial_points': 150, 'dft_spherical_points': 974, 'guess': 'SAP', 'reference': 'RKS'},\n 'model': {'basis': 'aug-cc-pvdz', 'method': 'pbe0-d3bj'},\n 'molecule': {'fix_com': False,\n              'fix_orientation': False,\n              'geometry': [0.0, 0.0, 0.0, 0.0, 0.0, 2.79420264, 2.63439951, 0.0, 3.72560352, -1.31719976, 2.2814569,\n                           3.72560352, -1.31719976, -2.2814569, 3.72560352],\n              'molecular_charge': 0.0,\n              'molecular_multiplicity': 1,\n              'name': 'H4Si',\n              'provenance': {'creator': 'QCElemental',\n                             'routine': 'qcelemental.molparse.from_schema',\n                             'version': 'v0.16.0'},\n              'schema_name': 'qcschema_molecule',\n              'schema_version': 2,\n              'symbols': ['H', 'Si', 'H', 'H', 'H'],\n              'validated': True},\n 'protocols': {},\n 'provenance': {'creator': 'QCElemental', 'routine': 'qcelemental.models.results', 'version': 'v0.16.0'},\n 'schema_name': 'qcschema_input',\n 'schema_version': 1}\n--------------------------------------------------------------------------\n\nScratch directory: /tmp/tmpmepx28r__psi_scratch/\n\n*** tstart() called on z068\n*** at Fri Sep 25 23:49:04 2020\n\n   => Loading Basis Set <=\n\n    Name: AUG-CC-PVDZ\n    Role: ORBITAL\n    Keyword: BASIS\n    atoms 1, 3-5 entry H          line    40 file /group/f97/kraus/miniconda3/envs/psi4-1.4a2.dev923/share/psi4/basis/aug-cc-pvdz.gbs \n    atoms 2      entry SI         line   570 file /group/f97/kraus/miniconda3/envs/psi4-1.4a2.dev923/share/psi4/basis/aug-cc-pvdz.gbs \n\n   => PBE0-D3(BJ): Empirical Dispersion <=\n\n    Grimme's -D3 (BJ-damping) Dispersion Correction\n    Grimme S.; Ehrlich S.; Goerigk L. (2011), J. Comput. Chem., 32: 1456\n\n        s6 =       1.000000\n        s8 =       1.217700\n        a1 =       0.414500\n        a2 =       4.859300\n\n\n         ---------------------------------------------------------\n                                   SCF\n               by Justin Turney, Rob Parrish, Andy Simmonett\n                          and Daniel G. A. Smith\n                              RKS Reference\n                       28 Threads, 114440 MiB Core\n         ---------------------------------------------------------\n\n  ==> Geometry <==\n\n    Molecular point group: c2v\n    Full point group: Td\n\n    Geometry (in Bohr), charge = 0, multiplicity = 1:\n\n       Center              X                  Y                   Z               Mass       \n    ------------   -----------------  -----------------  -----------------  -----------------\n         H            0.000000000000    -2.281456901112     1.613233645405     1.007825032230\n         SI           0.000000000000    -0.000000000000     0.000000000257    27.976926534650\n   