{
 "id": null,
 "schema_name": "qcschema_output",
 "schema_version": 1,
 "molecule": {
  "schema_name": "qcschema_molecule",
  "schema_version": 2,
  "validated": true,
  "symbols": [
   "O",
   "H",
   "H"
  ],
  "geometry": [
   0.0,
   1.6872143619913898e-34,
   -0.12391285164911602,
   -1.4401233199999999,
   -4.4091060355386484e-17,
   0.9832934383508839,
   1.4401233199999999,
   4.4091060355386484e-17,
   0.9832934383508839
  ],
  "name": "H2O",
  "molecular_charge": 0.0,
  "molecular_multiplicity": 1,
  "fix_com": false,
  "fix_orientation": false,
  "provenance": {
   "creator": "QCElemental",
   "version": "v0.16.0",
   "routine": "qcelemental.molparse.from_schema"
  }
 },
 "driver": "energy",
 "model": {
  "method": "pbe-d3bj",
  "basis": "aug-cc-pvdz"
 },
 "keywords": {
  "reference": "RKS",
  "dft_spherical_points": 974,
  "dft_radial_points": 150,
  "guess": "SAP"
 },
 "protocols": {},
 "extras": {
  "qcvars": {
   "2-BODY DISPERSION CORRECTION ENERGY": -0.00035945,
   "CURRENT DIPOLE X": 0.0,
   "CURRENT DIPOLE Y": 0.0,
   "CURRENT DIPOLE Z": 1.7952790717489668,
   "CURRENT ENERGY": -76.35950269595533,
   "CURRENT REFERENCE ENERGY": -76.35950269595533,
   "DFT FUNCTIONAL TOTAL ENERGY": -76.35914324595532,
   "DFT TOTAL ENERGY": -76.35950269595533,
   "DFT VV10 ENERGY": 0.0,
   "DFT XC ENERGY": -9.228265351664731,
   "DISPERSION CORRECTION ENERGY": -0.00035945,
   "NUCLEAR REPULSION ENERGY": 9.155088184464631,
   "ONE-ELECTRON ENERGY": -122.8286755885538,
   "PBE-D3(BJ) DISPERSION CORRECTION ENERGY": -0.00035945,
   "PCM POLARIZATION ENERGY": 0.0,
   "PE ENERGY": 0.0,
   "SCF DIPOLE X": 0.0,
   "SCF DIPOLE Y": 0.0,
   "SCF DIPOLE Z": 1.7952790717489668,
   "SCF ITERATION ENERGY": -76.35950269595533,
   "SCF ITERATIONS": 8.0,
   "SCF TOTAL ENERGY": -76.35950269595533,
   "TWO-ELECTRON ENERGY": 46.542709509798584,
   "XC GRID RADIAL POINTS": 150.0,
   "XC GRID SPHERICAL POINTS": 974.0,
   "XC GRID TOTAL POINTS": 426964.0,
   "CURRENT DIPOLE": [
    0.0,
    0.0,
    0.7063171349803508
   ],
   "SCF DIPOLE": [
    0.0,
    0.0,
    0.7063171349803508
   ]
  }
 },
 "provenance": {
  "creator": "Psi4",
  "version": "1.4a2.dev923",
  "routine": "psi4.schema_runner.run_qcschema",
  "wall_time": 10.305998086929321,
  "username": "kraus",
  "qcengine_version": "v0.16.0",
  "hostname": "z068",
  "cpu": "Intel(R) Xeon(R) CPU E5-2680 v4 @ 2.40GHz",
  "nthreads": 28,
  "memory": 120.0
 },
 "properties": {
  "calcinfo_nbasis": 41,
  "calcinfo_nmo": 41,
  "calcinfo_nalpha": 5,
  "calcinfo_nbeta": 5,
  "calcinfo_natom": 3,
  "nuclear_repulsion_energy": 9.155088184464631,
  "return_energy": -76.35950269595533,
  "scf_one_electron_energy": -122.8286755885538,
  "scf_two_electron_energy": 46.542709509798584,
  "scf_xc_energy": -9.228265351664731,
  "scf_dispersion_correction_energy": -0.00035945,
  "scf_dipole_moment": [
   0.0,
   0.0,
   0.7063171349803508
  ],
  "scf_total_energy": -76.35950269595533,
  "scf_iterations": 8
 },
 "wavefunction": null,
 "return_result": -76.35950269595533,
 "stdout": "\n    -----------------------------------------------------------------------\n          Psi4: An Open-Source Ab Initio Electronic Structure Package\n                               Psi4 1.4a2.dev923 \n\n                         Git: Rev {master} 5de566e \n\n\n    D. G. A. Smith, L. A. Burns, A. C. Simmonett, R. M. Parrish,\n    M. C. Schieber, R. Galvelis, P. Kraus, H. Kruse, R. Di Remigio,\n    A. Alenaizan, A. M. James, S. Lehtola, J. P. Misiewicz, M. Scheurer,\n    R. A. Shaw, J. B. Schriber, Y. Xie, Z. L. Glick, D. A. Sirianni,\n    J. S. O'Brien, J. M. Waldrop, A. Kumar, E. G. Hohenstein,\n    B. P. Pritchard, B. R. Brooks, H. F. Schaefer III, A. Yu. Sokolov,\n    K. Patkowski, A. E. DePrince III, U. Bozkaya, R. A. King,\n    F. A. Evangelista, J. M. Turney, T. D. Crawford, C. D. Sherrill,\n    J. Chem. Phys. 152(18) 184108 (2020). https://doi.org/10.1063/5.0006002\n\n                            Additional Code Authors\n    E. T. Seidl, C. L. Janssen, E. F. Valeev, M. L. Leininger,\n    J. F. Gonthier, R. M. Richard, H. R. McAlexander, M. Saitow, X. Wang,\n    P. Verma, and M. H. Lechner\n\n             Previous Authors, Complete List of Code Contributors,\n                       and Citations for Specific Modules\n    https://github.com/psi4/psi4/blob/master/codemeta.json\n    https://github.com/psi4/psi4/graphs/contributors\n    http://psicode.org/psi4manual/master/introduction.html#citing-psifour\n\n    -----------------------------------------------------------------------\n\n\n    Psi4 started on: Friday, 25 September 2020 10:59PM\n\n    Process ID: 910\n    Host:       z068\n    PSIDATADIR: /group/f97/kraus/miniconda3/envs/psi4-1.4a2.dev923/share/psi4\n    Memory:     111.8 GiB\n    Threads:    28\n    \n  ==> Input QCSchema <==\n\n--------------------------------------------------------------------------\n{'driver': 'energy',\n 'extras': {},\n 'id': None,\n 'keywords': {'dft_radial_points': 150, 'dft_spherical_points': 974, 'guess': 'SAP', 'reference': 'RKS'},\n 'model': {'basis': 'aug-cc-pvdz', 'method': 'pbe-d3bj'},\n 'molecule': {'fix_com': False,\n              'fix_orientation': False,\n              'geometry': [0.0, 0.0, -0.73813753, -1.44012332, 0.0, 0.36906876, 1.44012332, 0.0, 0.36906876],\n              'molecular_charge': 0.0,\n              'molecular_multiplicity': 1,\n              'name': 'H2O',\n              'provenance': {'creator': 'QCElemental',\n                             'routine': 'qcelemental.molparse.from_schema',\n                             'version': 'v0.16.0'},\n              'schema_name': 'qcschema_molecule',\n              'schema_version': 2,\n              'symbols': ['O', 'H', 'H'],\n              'validated': True},\n 'protocols': {},\n 'provenance': {'creator': 'QCElemental', 'routine': 'qcelemental.models.results', 'version': 'v0.16.0'},\n 'schema_name': 'qcschema_input',\n 'schema_version': 1}\n--------------------------------------------------------------------------\n\nScratch directory: /tmp/tmp6bp_3jeb_psi_scratch/\n\n*** tstart() called on z068\n*** at Fri Sep 25 22:59:11 2020\n\n   => Loading Basis Set <=\n\n    Name: AUG-CC-PVDZ\n    Role: ORBITAL\n    Keyword: BASIS\n    atoms 1   entry O          line   254 file /group/f97/kraus/miniconda3/envs/psi4-1.4a2.dev923/share/psi4/basis/aug-cc-pvdz.gbs \n    atoms 2-3 entry H          line    40 file /group/f97/kraus/miniconda3/envs/psi4-1.4a2.dev923/share/psi4/basis/aug-cc-pvdz.gbs \n\n   => PBE-D3(BJ): Empirical Dispersion <=\n\n    Grimme's -D3 (BJ-damping) Dispersion Correction\n    Grimme S.; Ehrlich S.; Goerigk L. (2011), J. Comput. Chem., 32: 1456\n\n        s6 =       1.000000\n        s8 =       0.787500\n        a1 =       0.428900\n        a2 =       4.440700\n\n\n         ---------------------------------------------------------\n                                   SCF\n               by Justin Turney, Rob Parrish, Andy Simmonett\n                          and Daniel G. A. Smith\n                              RKS Reference\n                       28 Threads, 114440 MiB Core\n         ---------------------------------------------------------\n\n  ==> Geometry <==\n\n    Molecular point group: c2v\n    Full point group: C2v\n\n    Geometry (in Bohr), charge = 0, multiplicity = 1:\n\n       Center              X                  Y                   Z               Mass       \n    ------------   -----------------  -----------------  -----------------  -----------------\n         O            0.000000000000     0.000000000000    -0.123912851649    15.994914619570\n         H           -1.440123320000    -0.000000000000     0.983293438351     1.007825032230\n         H            1.440123320000     0.000000000000     0.983293438351     1.007825032230\n\n  Running in c2v symmetry.\n\n  Rotational constants: A =     27.43263  B =     14.40057  C =      9.44335 [cm^-1]\n  Rotational constants: A = 822409.48718  B = 431718.27294  C = 283104.49282 