{
 "id": null,
 "schema_name": "qcschema_output",
 "schema_version": 1,
 "molecule": {
  "schema_name": "qcschema_molecule",
  "schema_version": 2,
  "validated": true,
  "symbols": [
   "F",
   "O",
   "O",
   "F"
  ],
  "geometry": [
   2.319611402297355,
   1.602095826942293,
   0.9067119583701706,
   0.26230330941588376,
   1.1361454939080398,
   -1.0769722594523023,
   -0.26230330941588376,
   -1.1361454939080398,
   -1.0769722594523023,
   -2.319611402297355,
   -1.602095826942293,
   0.9067119583701706
  ],
  "name": "F2O2",
  "molecular_charge": 0.0,
  "molecular_multiplicity": 1,
  "fix_com": false,
  "fix_orientation": false,
  "provenance": {
   "creator": "QCElemental",
   "version": "v0.16.0",
   "routine": "qcelemental.molparse.from_schema"
  }
 },
 "driver": "energy",
 "model": {
  "method": "pbe-d3bj",
  "basis": "aug-cc-pvdz"
 },
 "keywords": {
  "reference": "RKS",
  "dft_spherical_points": 974,
  "dft_radial_points": 150,
  "guess": "SAP"
 },
 "protocols": {},
 "extras": {
  "qcvars": {
   "2-BODY DISPERSION CORRECTION ENERGY": -0.00106451,
   "CURRENT DIPOLE X": -1.1287621734612623e-15,
   "CURRENT DIPOLE Y": -1.1287621734612623e-15,
   "CURRENT DIPOLE Z": -1.42174938979715,
   "CURRENT ENERGY": -349.58834797717446,
   "CURRENT REFERENCE ENERGY": -349.58834797717446,
   "DFT FUNCTIONAL TOTAL ENERGY": -349.5872834671745,
   "DFT TOTAL ENERGY": -349.58834797717446,
   "DFT VV10 ENERGY": 0.0,
   "DFT XC ENERGY": -37.41382189597931,
   "DISPERSION CORRECTION ENERGY": -0.00106451,
   "NUCLEAR REPULSION ENERGY": 125.38798821117469,
   "ONE-ELECTRON ENERGY": -733.3276183206015,
   "PBE-D3(BJ) DISPERSION CORRECTION ENERGY": -0.00106451,
   "PCM POLARIZATION ENERGY": 0.0,
   "PE ENERGY": 0.0,
   "SCF DIPOLE X": -1.1287621734612623e-15,
   "SCF DIPOLE Y": -1.1287621734612623e-15,
   "SCF DIPOLE Z": -1.42174938979715,
   "SCF ITERATION ENERGY": -349.58834797717446,
   "SCF ITERATIONS": 9.0,
   "SCF TOTAL ENERGY": -349.58834797717446,
   "TWO-ELECTRON ENERGY": 295.76616853823157,
   "XC GRID RADIAL POINTS": 150.0,
   "XC GRID SPHERICAL POINTS": 974.0,
   "XC GRID TOTAL POINTS": 566626.0,
   "CURRENT DIPOLE": [
    -4.440892098500626e-16,
    -4.440892098500626e-16,
    -0.5593592503049034
   ],
   "SCF DIPOLE": [
    -4.440892098500626e-16,
    -4.440892098500626e-16,
    -0.5593592503049034
   ]
  }
 },
 "provenance": {
  "creator": "Psi4",
  "version": "1.4a2.dev923",
  "routine": "psi4.schema_runner.run_qcschema",
  "memory": 120.0,
  "hostname": "z090",
  "nthreads": 28,
  "cpu": "Intel(R) Xeon(R) CPU E5-2680 v4 @ 2.40GHz",
  "username": "kraus",
  "wall_time": 11.90524697303772,
  "qcengine_version": "v0.16.0"
 },
 "properties": {
  "calcinfo_nbasis": 92,
  "calcinfo_nmo": 92,
  "calcinfo_nalpha": 17,
  "calcinfo_nbeta": 17,
  "calcinfo_natom": 4,
  "nuclear_repulsion_energy": 125.38798821117469,
  "return_energy": -349.58834797717446,
  "scf_one_electron_energy": -733.3276183206015,
  "scf_two_electron_energy": 295.76616853823157,
  "scf_xc_energy": -37.41382189597931,
  "scf_dispersion_correction_energy": -0.00106451,
  "scf_dipole_moment": [
   -4.440892098500626e-16,
   -4.440892098500626e-16,
   -0.5593592503049034
  ],
  "scf_total_energy": -349.58834797717446,
  "scf_iterations": 9
 },
 "wavefunction": null,
 "return_result": -349.58834797717446,
 "stdout": "\n    -----------------------------------------------------------------------\n          Psi4: An Open-Source Ab Initio Electronic Structure Package\n                               Psi4 1.4a2.dev923 \n\n                         Git: Rev {master} 5de566e \n\n\n    D. G. A. Smith, L. A. Burns, A. C. Simmonett, R. M. Parrish,\n    M. C. Schieber, R. Galvelis, P. Kraus, H. Kruse, R. Di Remigio,\n    A. Alenaizan, A. M. James, S. Lehtola, J. P. Misiewicz, M. Scheurer,\n    R. A. Shaw, J. B. Schriber, Y. Xie, Z. L. Glick, D. A. Sirianni,\n    J. S. O'Brien, J. M. Waldrop, A. Kumar, E. G. Hohenstein,\n    B. P. Pritchard, B. R. Brooks, H. F. Schaefer III, A. Yu. Sokolov,\n    K. Patkowski, A. E. DePrince III, U. Bozkaya, R. A. King,\n    F. A. Evangelista, J. M. Turney, T. D. Crawford, C. D. Sherrill,\n    J. Chem. Phys. 152(18) 184108 (2020). https://doi.org/10.1063/5.0006002\n\n                            Additional Code Authors\n    E. T. Seidl, C. L. Janssen, E. F. Valeev, M. L. Leininger,\n    J. F. Gonthier, R. M. Richard, H. R. McAlexander, M. Saitow, X. Wang,\n    P. Verma, and M. H. Lechner\n\n             Previous Authors, Complete List of Code Contributors,\n                       and Citations for Specific Modules\n    https://github.com/psi4/psi4/blob/master/codemeta.json\n    https://github.com/psi4/psi4/graphs/contributors\n    http://psicode.org/psi4manual/master/introduction.html#citing-psifour\n\n    -----------------------------------------------------------------------\n\n\n    Psi4 started on: Monday, 21 September 2020 04:35AM\n\n    Process ID: 26613\n    Host:       z090\n    PSIDATADIR: /group/f97/kraus/miniconda3/envs/psi4-1.4a2.dev923/share/psi4\n    Memory:     111.8 GiB\n    Threads:    28\n    \n  ==> Input QCSchema <==\n\n--------------------------------------------------------------------------\n{'driver': 'energy',\n 'extras': {},\n 'id': None,\n 'keywords': {'dft_radial_points': 150, 'dft_spherical_points': 974, 'guess': 'SAP', 'reference': 'RKS'},\n 'model': {'basis': 'aug-cc-pvdz', 'method': 'pbe-d3bj'},\n 'molecule': {'fix_com': False,\n              'fix_orientation': False,\n              'geometry': [0.0, 0.0, 0.0, 0.0, 0.0, 2.89562245, 2.21208552, 0.0, 3.6339964, 3.11929502, 2.74408715,\n                           3.81172096],\n              'molecular_charge': 0.0,\n              'molecular_multiplicity': 1,\n              'name': 'F2O2',\n              'provenance': {'creator': 'QCElemental',\n                             'routine': 'qcelemental.molparse.from_schema',\n                             'version': 'v0.16.0'},\n              'schema_name': 'qcschema_molecule',\n              'schema_version': 2,\n              'symbols': ['F', 'O', 'O', 'F'],\n              'validated': True},\n 'protocols': {},\n 'provenance': {'creator': 'QCElemental', 'routine': 'qcelemental.models.results', 'version': 'v0.16.0'},\n 'schema_name': 'qcschema_input',\n 'schema_version': 1}\n--------------------------------------------------------------------------\n\nScratch directory: /tmp/tmpt5pmf2et_psi_scratch/\n\n*** tstart() called on z090\n*** at Mon Sep 21 04:35:49 2020\n\n   => Loading Basis Set <=\n\n    Name: AUG-CC-PVDZ\n    Role: ORBITAL\n    Keyword: BASIS\n    atoms 1, 4 entry F          line   290 file /group/f97/kraus/miniconda3/envs/psi4-1.4a2.dev923/share/psi4/basis/aug-cc-pvdz.gbs \n    atoms 2-3  entry O          line   254 file /group/f97/kraus/miniconda3/envs/psi4-1.4a2.dev923/share/psi4/basis/aug-cc-pvdz.gbs \n\n   => PBE-D3(BJ): Empirical Dispersion <=\n\n    Grimme's -D3 (BJ-damping) Dispersion Correction\n    Grimme S.; Ehrlich S.; Goerigk L. (2011), J. Comput. Chem., 32: 1456\n\n        s6 =       1.000000\n        s8 =       0.787500\n        a1 =       0.428900\n        a2 =       4.440700\n\n\n         ---------------------------------------------------------\n                                   SCF\n               by Justin Turney, Rob Parrish, Andy Simmonett\n                          and Daniel G. A. Smith\n                              RKS Reference\n                       28 Threads, 114440 MiB Core\n         ---------------------------------------------------------\n\n  ==> Geometry <==\n\n    Molecular point group: c2\n    Full point group: C2\n\n    Geometry (in Bohr), charge = 0, multiplicity = 1:\n\n       Center              X                  Y                   Z               Mass       \n    ------------   -----------------  -----------------  -----------------  -----------------\n         F            2.319611402297     1.602095826942     0.906711958370    18.998403162730\n         O            0.262303309416     