{
 "id": null,
 "schema_name": "qcschema_output",
 "schema_version": 1,
 "molecule": {
  "schema_name": "qcschema_molecule",
  "schema_version": 2,
  "validated": true,
  "symbols": [
   "S",
   "O",
   "O",
   "O"
  ],
  "geometry": [
   0.0,
   -1.683019282964892e-34,
   2.0004441988800354e-09,
   0.0,
   -1.683019282964892e-34,
   2.6886834320004445,
   2.32846816,
   7.128877697651318e-17,
   -1.3443417179995558,
   -2.32846816,
   -7.128877697651318e-17,
   -1.3443417179995558
  ],
  "name": "O3S",
  "molecular_charge": 0.0,
  "molecular_multiplicity": 1,
  "fix_com": false,
  "fix_orientation": false,
  "provenance": {
   "creator": "QCElemental",
   "version": "v0.16.0",
   "routine": "qcelemental.molparse.from_schema"
  }
 },
 "driver": "energy",
 "model": {
  "method": "pbe0-d3bj",
  "basis": "cc-pvdz"
 },
 "keywords": {
  "reference": "RKS",
  "dft_spherical_points": 974,
  "dft_radial_points": 150,
  "guess": "SAP"
 },
 "protocols": {},
 "extras": {
  "qcvars": {
   "2-BODY DISPERSION CORRECTION ENERGY": -0.00205182,
   "CURRENT DIPOLE X": 0.0,
   "CURRENT DIPOLE Y": 0.0,
   "CURRENT DIPOLE Z": -1.762873648515631e-05,
   "CURRENT ENERGY": -623.3981070388711,
   "CURRENT REFERENCE ENERGY": -623.3981070388711,
   "DFT FUNCTIONAL TOTAL ENERGY": -623.3960552188711,
   "DFT TOTAL ENERGY": -623.3981070388711,
   "DFT VV10 ENERGY": 0.0,
   "DFT XC ENERGY": -38.762819044327756,
   "DISPERSION CORRECTION ENERGY": -0.00205182,
   "NUCLEAR REPULSION ENERGY": 184.04965237799465,
   "ONE-ELECTRON ENERGY": -1223.504464885297,
   "PBE0-D3(BJ) DISPERSION CORRECTION ENERGY": -0.00205182,
   "PCM POLARIZATION ENERGY": 0.0,
   "PE ENERGY": 0.0,
   "SCF DIPOLE X": 0.0,
   "SCF DIPOLE Y": 0.0,
   "SCF DIPOLE Z": -1.762873648515631e-05,
   "SCF ITERATION ENERGY": -623.3981070388711,
   "SCF ITERATIONS": 7.0,
   "SCF TOTAL ENERGY": -623.3981070388711,
   "TWO-ELECTRON ENERGY": 454.82157633275915,
   "XC GRID RADIAL POINTS": 150.0,
   "XC GRID SPHERICAL POINTS": 974.0,
   "XC GRID TOTAL POINTS": 542445.0,
   "CURRENT DIPOLE": [
    0.0,
    0.0,
    -6.935678604769181e-06
   ],
   "SCF DIPOLE": [
    0.0,
    0.0,
    -6.935678604769181e-06
   ]
  }
 },
 "provenance": {
  "creator": "Psi4",
  "version": "1.4a2.dev923",
  "routine": "psi4.schema_runner.run_qcschema",
  "memory": 120.0,
  "cpu": "Intel(R) Xeon(R) CPU E5-2680 v4 @ 2.40GHz",
  "username": "kraus",
  "hostname": "z062",
  "wall_time": 10.517271995544434,
  "qcengine_version": "v0.16.0",
  "nthreads": 28
 },
 "properties": {
  "calcinfo_nbasis": 60,
  "calcinfo_nmo": 60,
  "calcinfo_nalpha": 20,
  "calcinfo_nbeta": 20,
  "calcinfo_natom": 4,
  "nuclear_repulsion_energy": 184.04965237799465,
  "return_energy": -623.3981070388711,
  "scf_one_electron_energy": -1223.504464885297,
  "scf_two_electron_energy": 454.82157633275915,
  "scf_xc_energy": -38.762819044327756,
  "scf_dispersion_correction_energy": -0.00205182,
  "scf_dipole_moment": [
   0.0,
   0.0,
   -6.935678604769181e-06
  ],
  "scf_total_energy": -623.3981070388711,
  "scf_iterations": 7
 },
 "wavefunction": null,
 "return_result": -623.3981070388711,
 "stdout": "\n    -----------------------------------------------------------------------\n          Psi4: An Open-Source Ab Initio Electronic Structure Package\n                               Psi4 1.4a2.dev923 \n\n                         Git: Rev {master} 5de566e \n\n\n    D. G. A. Smith, L. A. Burns, A. C. Simmonett, R. M. Parrish,\n    M. C. Schieber, R. Galvelis, P. Kraus, H. Kruse, R. Di Remigio,\n    A. Alenaizan, A. M. James, S. Lehtola, J. P. Misiewicz, M. Scheurer,\n    R. A. Shaw, J. B. Schriber, Y. Xie, Z. L. Glick, D. A. Sirianni,\n    J. S. O'Brien, J. M. Waldrop, A. Kumar, E. G. Hohenstein,\n    B. P. Pritchard, B. R. Brooks, H. F. Schaefer III, A. Yu. Sokolov,\n    K. Patkowski, A. E. DePrince III, U. Bozkaya, R. A. King,\n    F. A. Evangelista, J. M. Turney, T. D. Crawford, C. D. Sherrill,\n    J. Chem. Phys. 152(18) 184108 (2020). https://doi.org/10.1063/5.0006002\n\n                            Additional Code Authors\n    E. T. Seidl, C. L. Janssen, E. F. Valeev, M. L. Leininger,\n    J. F. Gonthier, R. M. Richard, H. R. McAlexander, M. Saitow, X. Wang,\n    P. Verma, and M. H. Lechner\n\n             Previous Authors, Complete List of Code Contributors,\n                       and Citations for Specific Modules\n    https://github.com/psi4/psi4/blob/master/codemeta.json\n    https://github.com/psi4/psi4/graphs/contributors\n    http://psicode.org/psi4manual/master/introduction.html#citing-psifour\n\n    -----------------------------------------------------------------------\n\n\n    Psi4 started on: Sunday, 20 September 2020 08:22AM\n\n    Process ID: 5421\n    Host:       z062\n    PSIDATADIR: /group/f97/kraus/miniconda3/envs/psi4-1.4a2.dev923/share/psi4\n    Memory:     111.8 GiB\n    Threads:    28\n    \n  ==> Input QCSchema <==\n\n--------------------------------------------------------------------------\n{'driver': 'energy',\n 'extras': {},\n 'id': None,\n 'keywords': {'dft_radial_points': 150, 'dft_spherical_points': 974, 'guess': 'SAP', 'reference': 'RKS'},\n 'model': {'basis': 'cc-pvdz', 'method': 'pbe0-d3bj'},\n 'molecule': {'fix_com': False,\n              'fix_orientation': False,\n              'geometry': [0.0, 0.0, 0.0, 0.0, 0.0, 2.68868343, 2.32846816, 0.0, -1.34434172, -2.32846816, 0.0,\n                           -1.34434172],\n              'molecular_charge': 0.0,\n              'molecular_multiplicity': 1,\n              'name': 'O3S',\n              'provenance': {'creator': 'QCElemental',\n                             'routine': 'qcelemental.molparse.from_schema',\n                             'version': 'v0.16.0'},\n              'schema_name': 'qcschema_molecule',\n              'schema_version': 2,\n              'symbols': ['S', 'O', 'O', 'O'],\n              'validated': True},\n 'protocols': {},\n 'provenance': {'creator': 'QCElemental', 'routine': 'qcelemental.models.results', 'version': 'v0.16.0'},\n 'schema_name': 'qcschema_input',\n 'schema_version': 1}\n--------------------------------------------------------------------------\n\nScratch directory: /tmp/tmpguug641a_psi_scratch/\n\n*** tstart() called on z062\n*** at Sun Sep 20 08:22:06 2020\n\n   => Loading Basis Set <=\n\n    Name: CC-PVDZ\n    Role: ORBITAL\n    Keyword: BASIS\n    atoms 1   entry S          line   598 file /group/f97/kraus/miniconda3/envs/psi4-1.4a2.dev923/share/psi4/basis/cc-pvdz.gbs \n    atoms 2-4 entry O          line   198 file /group/f97/kraus/miniconda3/envs/psi4-1.4a2.dev923/share/psi4/basis/cc-pvdz.gbs \n\n   => PBE0-D3(BJ): Empirical Dispersion <=\n\n    Grimme's -D3 (BJ-damping) Dispersion Correction\n    Grimme S.; Ehrlich S.; Goerigk L. (2011), J. Comput. Chem., 32: 1456\n\n        s6 =       1.000000\n        s8 =       1.217700\n        a1 =       0.414500\n        a2 =       4.859300\n\n\n         ---------------------------------------------------------\n                                   SCF\n               by Justin Turney, Rob Parrish, Andy Simmonett\n                          and Daniel G. A. Smith\n                              RKS Reference\n                       28 Threads, 114440 MiB Core\n         ---------------------------------------------------------\n\n  ==> Geometry <==\n\n    Molecular point group: c2v\n    Full point group: C2v\n\n    Geometry (in Bohr), charge = 0, multiplicity = 1:\n\n       Center              X                  Y                   Z               Mass       \n    ------------   -----------------  -----------------  -----------------  -----------------\n         S            0.000000000000    -0.000000000000     0.000000002000    31.972071174400\n         O            0.000000000000    -0.000000000000     2.688683432000    15.994914619570\n         O            2.328468160000     0.000000000000    -1.344341718000    15.994914619570\n         O           -2.328468160000    -0.000000000000    -1.344341718000    