{
 "id": null,
 "schema_name": "qcschema_output",
 "schema_version": 1,
 "molecule": {
  "schema_name": "qcschema_molecule",
  "schema_version": 2,
  "validated": true,
  "symbols": [
   "S",
   "O",
   "O"
  ],
  "geometry": [
   0.5910893215578296,
   -0.3455070332340673,
   0.0,
   0.5910893215578296,
   2.367211056765932,
   0.0,
   -1.7726117184421706,
   -1.676580583234067,
   0.0
  ],
  "name": "O2S",
  "molecular_charge": 0.0,
  "molecular_multiplicity": 1,
  "fix_com": false,
  "fix_orientation": false,
  "provenance": {
   "creator": "QCElemental",
   "version": "v0.16.0",
   "routine": "qcelemental.molparse.from_schema"
  }
 },
 "driver": "energy",
 "model": {
  "method": "pbe0-d3bj",
  "basis": "def2-svp"
 },
 "keywords": {
  "reference": "RKS",
  "dft_spherical_points": 974,
  "dft_radial_points": 150,
  "guess": "SAP"
 },
 "protocols": {},
 "extras": {
  "qcvars": {
   "2-BODY DISPERSION CORRECTION ENERGY": -0.00117108,
   "CURRENT DIPOLE X": 1.4939717852545231,
   "CURRENT DIPOLE Y": -0.8732723917650264,
   "CURRENT DIPOLE Z": 0.0,
   "CURRENT ENERGY": -548.047886324094,
   "CURRENT REFERENCE ENERGY": -548.047886324094,
   "DFT FUNCTIONAL TOTAL ENERGY": -548.046715244094,
   "DFT TOTAL ENERGY": -548.047886324094,
   "DFT VV10 ENERGY": 0.0,
   "DFT XC ENERGY": -32.22047156175371,
   "DISPERSION CORRECTION ENERGY": -0.00117108,
   "NUCLEAR REPULSION ENERGY": 108.03399090968867,
   "ONE-ELECTRON ENERGY": -969.7323810219187,
   "PBE0-D3(BJ) DISPERSION CORRECTION ENERGY": -0.00117108,
   "PCM POLARIZATION ENERGY": 0.0,
   "PE ENERGY": 0.0,
   "SCF DIPOLE X": 1.4939717852545231,
   "SCF DIPOLE Y": -0.8732723917650264,
   "SCF DIPOLE Z": 0.0,
   "SCF ITERATION ENERGY": -548.047886324094,
   "SCF ITERATIONS": 8.0,
   "SCF TOTAL ENERGY": -548.047886324094,
   "TWO-ELECTRON ENERGY": 345.87214642988977,
   "XC GRID RADIAL POINTS": 150.0,
   "XC GRID SPHERICAL POINTS": 974.0,
   "XC GRID TOTAL POINTS": 405080.0,
   "CURRENT DIPOLE": [
    0.587773727053175,
    -0.34357179533542725,
    0.0
   ],
   "SCF DIPOLE": [
    0.587773727053175,
    -0.34357179533542725,
    0.0
   ]
  }
 },
 "provenance": {
  "creator": "Psi4",
  "version": "1.4a2.dev923",
  "routine": "psi4.schema_runner.run_qcschema",
  "cpu": "Intel(R) Xeon(R) CPU E5-2680 v4 @ 2.40GHz",
  "username": "kraus",
  "nthreads": 28,
  "hostname": "z072",
  "memory": 120.0,
  "qcengine_version": "v0.16.0",
  "wall_time": 10.7162446975708
 },
 "properties": {
  "calcinfo_nbasis": 46,
  "calcinfo_nmo": 46,
  "calcinfo_nalpha": 16,
  "calcinfo_nbeta": 16,
  "calcinfo_natom": 3,
  "nuclear_repulsion_energy": 108.03399090968867,
  "return_energy": -548.047886324094,
  "scf_one_electron_energy": -969.7323810219187,
  "scf_two_electron_energy": 345.87214642988977,
  "scf_xc_energy": -32.22047156175371,
  "scf_dispersion_correction_energy": -0.00117108,
  "scf_dipole_moment": [
   0.587773727053175,
   -0.34357179533542725,
   0.0
  ],
  "scf_total_energy": -548.047886324094,
  "scf_iterations": 8
 },
 "wavefunction": null,
 "return_result": -548.047886324094,
 "stdout": "\n    -----------------------------------------------------------------------\n          Psi4: An Open-Source Ab Initio Electronic Structure Package\n                               Psi4 1.4a2.dev923 \n\n                         Git: Rev {master} 5de566e \n\n\n    D. G. A. Smith, L. A. Burns, A. C. Simmonett, R. M. Parrish,\n    M. C. Schieber, R. Galvelis, P. Kraus, H. Kruse, R. Di Remigio,\n    A. Alenaizan, A. M. James, S. Lehtola, J. P. Misiewicz, M. Scheurer,\n    R. A. Shaw, J. B. Schriber, Y. Xie, Z. L. Glick, D. A. Sirianni,\n    J. S. O'Brien, J. M. Waldrop, A. Kumar, E. G. Hohenstein,\n    B. P. Pritchard, B. R. Brooks, H. F. Schaefer III, A. Yu. Sokolov,\n    K. Patkowski, A. E. DePrince III, U. Bozkaya, R. A. King,\n    F. A. Evangelista, J. M. Turney, T. D. Crawford, C. D. Sherrill,\n    J. Chem. Phys. 152(18) 184108 (2020). https://doi.org/10.1063/5.0006002\n\n                            Additional Code Authors\n    E. T. Seidl, C. L. Janssen, E. F. Valeev, M. L. Leininger,\n    J. F. Gonthier, R. M. Richard, H. R. McAlexander, M. Saitow, X. Wang,\n    P. Verma, and M. H. Lechner\n\n             Previous Authors, Complete List of Code Contributors,\n                       and Citations for Specific Modules\n    https://github.com/psi4/psi4/blob/master/codemeta.json\n    https://github.com/psi4/psi4/graphs/contributors\n    http://psicode.org/psi4manual/master/introduction.html#citing-psifour\n\n    -----------------------------------------------------------------------\n\n\n    Psi4 started on: Saturday, 19 September 2020 04:37AM\n\n    Process ID: 23764\n    Host:       z072\n    PSIDATADIR: /group/f97/kraus/miniconda3/envs/psi4-1.4a2.dev923/share/psi4\n    Memory:     111.8 GiB\n    Threads:    28\n    \n  ==> Input QCSchema <==\n\n--------------------------------------------------------------------------\n{'driver': 'energy',\n 'extras': {},\n 'id': None,\n 'keywords': {'dft_radial_points': 150, 'dft_spherical_points': 974, 'guess': 'SAP', 'reference': 'RKS'},\n 'model': {'basis': 'def2-svp', 'method': 'pbe0-d3bj'},\n 'molecule': {'fix_com': False,\n              'fix_orientation': False,\n              'geometry': [0.0, 0.0, 0.0, 0.0, 0.0, 2.71271809, 2.36370104, 0.0, -1.33107355],\n              'molecular_charge': 0.0,\n              'molecular_multiplicity': 1,\n              'name': 'O2S',\n              'provenance': {'creator': 'QCElemental',\n                             'routine': 'qcelemental.molparse.from_schema',\n                             'version': 'v0.16.0'},\n              'schema_name': 'qcschema_molecule',\n              'schema_version': 2,\n              'symbols': ['S', 'O', 'O'],\n              'validated': True},\n 'protocols': {},\n 'provenance': {'creator': 'QCElemental', 'routine': 'qcelemental.models.results', 'version': 'v0.16.0'},\n 'schema_name': 'qcschema_input',\n 'schema_version': 1}\n--------------------------------------------------------------------------\n\nScratch directory: /tmp/tmpv8su7ftu_psi_scratch/\n\n*** tstart() called on z072\n*** at Sat Sep 19 04:37:08 2020\n\n   => Loading Basis Set <=\n\n    Name: DEF2-SVP\n    Role: ORBITAL\n    Keyword: BASIS\n    atoms 1   entry S          line   328 file /group/f97/kraus/miniconda3/envs/psi4-1.4a2.dev923/share/psi4/basis/def2-svp.gbs \n    atoms 2-3 entry O          line   130 file /group/f97/kraus/miniconda3/envs/psi4-1.4a2.dev923/share/psi4/basis/def2-svp.gbs \n\n   => PBE0-D3(BJ): Empirical Dispersion <=\n\n    Grimme's -D3 (BJ-damping) Dispersion Correction\n    Grimme S.; Ehrlich S.; Goerigk L. (2011), J. Comput. Chem., 32: 1456\n\n        s6 =       1.000000\n        s8 =       1.217700\n        a1 =       0.414500\n        a2 =       4.859300\n\n\n         ---------------------------------------------------------\n                                   SCF\n               by Justin Turney, Rob Parrish, Andy Simmonett\n                          and Daniel G. A. Smith\n                              RKS Reference\n                       28 Threads, 114440 MiB Core\n         ---------------------------------------------------------\n\n  ==> Geometry <==\n\n    Molecular point group: cs\n    Full point group: Cs\n\n    Geometry (in Bohr), charge = 0, multiplicity = 1:\n\n       Center              X                  Y                   Z               Mass       \n    ------------   -----------------  -----------------  -----------------  -----------------\n         S            0.591089321558    -0.345507033234     0.000000000000    31.972071174400\n         O            0.591089321558     2.367211056766     0.000000000000    15.994914619570\n         O           -1.772611718442    -1.676580583234     0.000000000000    15.994914619570\n\n  Running in cs symmetry.\n\n  Rotational constants: A =      2.00892  B =      0.34310  C =      0.29305 [cm^-1]\n  Rotational constants: A =  60225.80432  B =  10285.83551  C =   