{
 "id": null,
 "schema_name": "qcschema_output",
 "schema_version": 1,
 "molecule": {
  "schema_name": "qcschema_molecule",
  "schema_version": 2,
  "validated": true,
  "symbols": [
   "F",
   "O",
   "F"
  ],
  "geometry": [
   6.368642337236062e-17,
   -2.080156447285914,
   0.48932149347380655,
   -4.898415834798862e-34,
   0.0,
   -1.162410332322793,
   -6.368642337236062e-17,
   2.080156447285914,
   0.48932149347380655
  ],
  "name": "F2O",
  "molecular_charge": 0.0,
  "molecular_multiplicity": 1,
  "fix_com": false,
  "fix_orientation": false,
  "provenance": {
   "creator": "QCElemental",
   "version": "v0.16.0",
   "routine": "qcelemental.molparse.from_schema"
  }
 },
 "driver": "energy",
 "model": {
  "method": "pbe-d3bj",
  "basis": "aug-cc-pvtz"
 },
 "keywords": {
  "reference": "RKS",
  "dft_spherical_points": 974,
  "dft_radial_points": 150,
  "guess": "SAP"
 },
 "protocols": {},
 "extras": {
  "qcvars": {
   "2-BODY DISPERSION CORRECTION ENERGY": -0.00053478,
   "CURRENT DIPOLE X": -6.265888771513141e-32,
   "CURRENT DIPOLE Y": 3.386286520383787e-15,
   "CURRENT DIPOLE Z": -0.2852041261188606,
   "CURRENT ENERGY": -274.536307537467,
   "CURRENT REFERENCE ENERGY": -274.536307537467,
   "DFT FUNCTIONAL TOTAL ENERGY": -274.535772757467,
   "DFT TOTAL ENERGY": -274.536307537467,
   "DFT VV10 ENERGY": 0.0,
   "DFT XC ENERGY": -28.99548141871121,
   "DISPERSION CORRECTION ENERGY": -0.00053478,
   "NUCLEAR REPULSION ENERGY": 73.6829724228513,
   "ONE-ELECTRON ENERGY": -527.7850403997201,
   "PBE-D3(BJ) DISPERSION CORRECTION ENERGY": -0.00053478,
   "PCM POLARIZATION ENERGY": 0.0,
   "PE ENERGY": 0.0,
   "SCF DIPOLE X": -6.265888771513141e-32,
   "SCF DIPOLE Y": 3.386286520383787e-15,
   "SCF DIPOLE Z": -0.2852041261188606,
   "SCF ITERATION ENERGY": -274.536307537467,
   "SCF ITERATIONS": 8.0,
   "SCF TOTAL ENERGY": -274.536307537467,
   "TWO-ELECTRON ENERGY": 208.56177663811297,
   "XC GRID RADIAL POINTS": 150.0,
   "XC GRID SPHERICAL POINTS": 974.0,
   "XC GRID TOTAL POINTS": 427195.0,
   "CURRENT DIPOLE": [
    -2.465190328815662e-32,
    1.3322676295501878e-15,
    -0.11220793714739864
   ],
   "SCF DIPOLE": [
    -2.465190328815662e-32,
    1.3322676295501878e-15,
    -0.11220793714739864
   ]
  }
 },
 "provenance": {
  "creator": "Psi4",
  "version": "1.4a2.dev923",
  "routine": "psi4.schema_runner.run_qcschema",
  "hostname": "z066",
  "wall_time": 11.932652950286865,
  "memory": 120.0,
  "nthreads": 28,
  "username": "kraus",
  "qcengine_version": "v0.16.0",
  "cpu": "Intel(R) Xeon(R) CPU E5-2680 v4 @ 2.40GHz"
 },
 "properties": {
  "calcinfo_nbasis": 138,
  "calcinfo_nmo": 138,
  "calcinfo_nalpha": 13,
  "calcinfo_nbeta": 13,
  "calcinfo_natom": 3,
  "nuclear_repulsion_energy": 73.6829724228513,
  "return_energy": -274.536307537467,
  "scf_one_electron_energy": -527.7850403997201,
  "scf_two_electron_energy": 208.56177663811297,
  "scf_xc_energy": -28.99548141871121,
  "scf_dispersion_correction_energy": -0.00053478,
  "scf_dipole_moment": [
   -2.465190328815662e-32,
   1.3322676295501878e-15,
   -0.11220793714739864
  ],
  "scf_total_energy": -274.536307537467,
  "scf_iterations": 8
 },
 "wavefunction": null,
 "return_result": -274.536307537467,
 "stdout": "\n    -----------------------------------------------------------------------\n          Psi4: An Open-Source Ab Initio Electronic Structure Package\n                               Psi4 1.4a2.dev923 \n\n                         Git: Rev {master} 5de566e \n\n\n    D. G. A. Smith, L. A. Burns, A. C. Simmonett, R. M. Parrish,\n    M. C. Schieber, R. Galvelis, P. Kraus, H. Kruse, R. Di Remigio,\n    A. Alenaizan, A. M. James, S. Lehtola, J. P. Misiewicz, M. Scheurer,\n    R. A. Shaw, J. B. Schriber, Y. Xie, Z. L. Glick, D. A. Sirianni,\n    J. S. O'Brien, J. M. Waldrop, A. Kumar, E. G. Hohenstein,\n    B. P. Pritchard, B. R. Brooks, H. F. Schaefer III, A. Yu. Sokolov,\n    K. Patkowski, A. E. DePrince III, U. Bozkaya, R. A. King,\n    F. A. Evangelista, J. M. Turney, T. D. Crawford, C. D. Sherrill,\n    J. Chem. Phys. 152(18) 184108 (2020). https://doi.org/10.1063/5.0006002\n\n                            Additional Code Authors\n    E. T. Seidl, C. L. Janssen, E. F. Valeev, M. L. Leininger,\n    J. F. Gonthier, R. M. Richard, H. R. McAlexander, M. Saitow, X. Wang,\n    P. Verma, and M. H. Lechner\n\n             Previous Authors, Complete List of Code Contributors,\n                       and Citations for Specific Modules\n    https://github.com/psi4/psi4/blob/master/codemeta.json\n    https://github.com/psi4/psi4/graphs/contributors\n    http://psicode.org/psi4manual/master/introduction.html#citing-psifour\n\n    -----------------------------------------------------------------------\n\n\n    Psi4 started on: Friday, 18 September 2020 06:19PM\n\n    Process ID: 17867\n    Host:       z066\n    PSIDATADIR: /group/f97/kraus/miniconda3/envs/psi4-1.4a2.dev923/share/psi4\n    Memory:     111.8 GiB\n    Threads:    28\n    \n  ==> Input QCSchema <==\n\n--------------------------------------------------------------------------\n{'driver': 'energy',\n 'extras': {},\n 'id': None,\n 'keywords': {'dft_radial_points': 150, 'dft_spherical_points': 974, 'guess': 'SAP', 'reference': 'RKS'},\n 'model': {'basis': 'aug-cc-pvtz', 'method': 'pbe-d3bj'},\n 'molecule': {'fix_com': False,\n              'fix_orientation': False,\n              'geometry': [0.0, 0.0, 0.0, 0.0, 0.0, 2.65617561, 2.58707338, 0.0, 3.258106],\n              'molecular_charge': 0.0,\n              'molecular_multiplicity': 1,\n              'name': 'F2O',\n              'provenance': {'creator': 'QCElemental',\n                             'routine': 'qcelemental.molparse.from_schema',\n                             'version': 'v0.16.0'},\n              'schema_name': 'qcschema_molecule',\n              'schema_version': 2,\n              'symbols': ['F', 'O', 'F'],\n              'validated': True},\n 'protocols': {},\n 'provenance': {'creator': 'QCElemental', 'routine': 'qcelemental.models.results', 'version': 'v0.16.0'},\n 'schema_name': 'qcschema_input',\n 'schema_version': 1}\n--------------------------------------------------------------------------\n\nScratch directory: /tmp/tmpk13ky6lg_psi_scratch/\n\n*** tstart() called on z066\n*** at Fri Sep 18 18:19:43 2020\n\n   => Loading Basis Set <=\n\n    Name: AUG-CC-PVTZ\n    Role: ORBITAL\n    Keyword: BASIS\n    atoms 1, 3 entry F          line   377 file /group/f97/kraus/miniconda3/envs/psi4-1.4a2.dev923/share/psi4/basis/aug-cc-pvtz.gbs \n    atoms 2    entry O          line   331 file /group/f97/kraus/miniconda3/envs/psi4-1.4a2.dev923/share/psi4/basis/aug-cc-pvtz.gbs \n\n   => PBE-D3(BJ): Empirical Dispersion <=\n\n    Grimme's -D3 (BJ-damping) Dispersion Correction\n    Grimme S.; Ehrlich S.; Goerigk L. (2011), J. Comput. Chem., 32: 1456\n\n        s6 =       1.000000\n        s8 =       0.787500\n        a1 =       0.428900\n        a2 =       4.440700\n\n\n         ---------------------------------------------------------\n                                   SCF\n               by Justin Turney, Rob Parrish, Andy Simmonett\n                          and Daniel G. A. Smith\n                              RKS Reference\n                       28 Threads, 114440 MiB Core\n         ---------------------------------------------------------\n\n  ==> Geometry <==\n\n    Molecular point group: c2v\n    Full point group: C2v\n\n    Geometry (in Bohr), charge = 0, multiplicity = 1:\n\n       Center              X                  Y                   Z               Mass       \n    ------------   -----------------  -----------------  -----------------  -----------------\n         F            0.000000000000    -2.080156447286     0.489321493474    18.998403162730\n         O           -0.000000000000     0.000000000000    -1.162410332323    15.994914619570\n         F           -0.000000000000     2.080156447286     0.489321493474    18.998403162730\n\n  Running in c2v 