{
 "id": null,
 "schema_name": "qcschema_output",
 "schema_version": 1,
 "molecule": {
  "schema_name": "qcschema_molecule",
  "schema_version": 2,
  "validated": true,
  "symbols": [
   "O",
   "H",
   "H",
   "H"
  ],
  "geometry": [
   -0.03921907151665811,
   -0.07554407891902519,
   -0.02674155030217867,
   -0.03921907151665811,
   -0.07554407891902519,
   1.8456368896978215,
   1.703807618483342,
   -0.07554407891902519,
   -0.7106145403021786,
   -1.0421534215166581,
   1.350027511080975,
   -0.7106145403021786
  ],
  "name": "H3O",
  "molecular_charge": 1.0,
  "molecular_multiplicity": 1,
  "fix_com": false,
  "fix_orientation": false,
  "provenance": {
   "creator": "QCElemental",
   "version": "v0.16.0",
   "routine": "qcelemental.molparse.from_schema"
  }
 },
 "driver": "energy",
 "model": {
  "method": "pbe0-dh-d3bj",
  "basis": "cc-pvdz"
 },
 "keywords": {
  "reference": "RKS",
  "dft_spherical_points": 974,
  "dft_radial_points": 150,
  "guess": "SAP"
 },
 "protocols": {},
 "extras": {
  "qcvars": {
   "2-BODY DISPERSION CORRECTION ENERGY": -0.00043134,
   "CURRENT DIPOLE X": 0.7940056582084828,
   "CURRENT DIPOLE Y": 1.5294180613281123,
   "CURRENT DIPOLE Z": 0.5413922142576653,
   "CURRENT ENERGY": -76.61964661614746,
   "CURRENT REFERENCE ENERGY": -76.58880687448048,
   "DFT FUNCTIONAL TOTAL ENERGY": -76.58837553448048,
   "DFT TOTAL ENERGY": -76.61964661614746,
   "DFT VV10 ENERGY": 0.0,
   "DFT XC ENERGY": -4.783412109212479,
   "DISPERSION CORRECTION ENERGY": -0.00043134,
   "DOUBLE-HYBRID CORRECTION ENERGY": -0.030839741666978157,
   "NUCLEAR REPULSION ENERGY": 13.787532231072596,
   "ONE-ELECTRON ENERGY": -128.24393184444568,
   "PBE0-DH-D3(BJ) DISPERSION CORRECTION ENERGY": -0.00043134,
   "PBE0-DH-D3BJ DOUBLE-HYBRID CORRECTION ENERGY": -0.030839741666978157,
   "PBE0-DH-D3BJ TOTAL ENERGY": -76.61964661614746,
   "PCM POLARIZATION ENERGY": 0.0,
   "PE ENERGY": 0.0,
   "SCF DIPOLE X": 0.7940056582084828,
   "SCF DIPOLE Y": 1.5294180613281123,
   "SCF DIPOLE Z": 0.5413922142576653,
   "SCF ITERATION ENERGY": -76.58880687448048,
   "SCF ITERATIONS": 6.0,
   "SCF TOTAL ENERGY": -76.58880687448048,
   "TWO-ELECTRON ENERGY": 42.65143618810509,
   "XC GRID RADIAL POINTS": 150.0,
   "XC GRID SPHERICAL POINTS": 974.0,
   "XC GRID TOTAL POINTS": 562699.0,
   "CURRENT DIPOLE": [
    0.31238586272698576,
    0.6017193651191441,
    0.21300008655624345
   ],
   "SCF DIPOLE": [
    0.31238586272698576,
    0.6017193651191441,
    0.21300008655624345
   ]
  }
 },
 "provenance": {
  "creator": "Psi4",
  "version": "1.4a2.dev923",
  "routine": "psi4.schema_runner.run_qcschema",
  "cpu": "Intel(R) Xeon(R) CPU E5-2680 v4 @ 2.40GHz",
  "hostname": "z066",
  "username": "kraus",
  "qcengine_version": "v0.16.0",
  "nthreads": 28,
  "memory": 120.0,
  "wall_time": 10.086541891098022
 },
 "properties": {
  "calcinfo_nbasis": 29,
  "calcinfo_nmo": 29,
  "calcinfo_nalpha": 5,
  "calcinfo_nbeta": 5,
  "calcinfo_natom": 4,
  "nuclear_repulsion_energy": 13.787532231072596,
  "return_energy": -76.61964661614746,
  "scf_one_electron_energy": -128.24393184444568,
  "scf_two_electron_energy": 42.65143618810509,
  "scf_xc_energy": -4.783412109212479,
  "scf_dispersion_correction_energy": -0.00043134,
  "scf_dipole_moment": [
   0.31238586272698576,
   0.6017193651191441,
   0.21300008655624345
  ],
  "scf_total_energy": -76.58880687448048,
  "scf_iterations": 6
 },
 "wavefunction": null,
 "return_result": -76.61964661614746,
 "stdout": "\n    -----------------------------------------------------------------------\n          Psi4: An Open-Source Ab Initio Electronic Structure Package\n                               Psi4 1.4a2.dev923 \n\n                         Git: Rev {master} 5de566e \n\n\n    D. G. A. Smith, L. A. Burns, A. C. Simmonett, R. M. Parrish,\n    M. C. Schieber, R. Galvelis, P. Kraus, H. Kruse, R. Di Remigio,\n    A. Alenaizan, A. M. James, S. Lehtola, J. P. Misiewicz, M. Scheurer,\n    R. A. Shaw, J. B. Schriber, Y. Xie, Z. L. Glick, D. A. Sirianni,\n    J. S. O'Brien, J. M. Waldrop, A. Kumar, E. G. Hohenstein,\n    B. P. Pritchard, B. R. Brooks, H. F. Schaefer III, A. Yu. Sokolov,\n    K. Patkowski, A. E. DePrince III, U. Bozkaya, R. A. King,\n    F. A. Evangelista, J. M. Turney, T. D. Crawford, C. D. Sherrill,\n    J. Chem. Phys. 152(18) 184108 (2020). https://doi.org/10.1063/5.0006002\n\n                            Additional Code Authors\n    E. T. Seidl, C. L. Janssen, E. F. Valeev, M. L. Leininger,\n    J. F. Gonthier, R. M. Richard, H. R. McAlexander, M. Saitow, X. Wang,\n    P. Verma, and M. H. Lechner\n\n             Previous Authors, Complete List of Code Contributors,\n                       and Citations for Specific Modules\n    https://github.com/psi4/psi4/blob/master/codemeta.json\n    https://github.com/psi4/psi4/graphs/contributors\n    http://psicode.org/psi4manual/master/introduction.html#citing-psifour\n\n    -----------------------------------------------------------------------\n\n\n    Psi4 started on: Friday, 18 September 2020 06:02PM\n\n    Process ID: 8423\n    Host:       z066\n    PSIDATADIR: /group/f97/kraus/miniconda3/envs/psi4-1.4a2.dev923/share/psi4\n    Memory:     111.8 GiB\n    Threads:    28\n    \n  ==> Input QCSchema <==\n\n--------------------------------------------------------------------------\n{'driver': 'energy',\n 'extras': {},\n 'id': None,\n 'keywords': {'dft_radial_points': 150, 'dft_spherical_points': 974, 'guess': 'SAP', 'reference': 'RKS'},\n 'model': {'basis': 'cc-pvdz', 'method': 'pbe0-dh-d3bj'},\n 'molecule': {'fix_com': False,\n              'fix_orientation': False,\n              'geometry': [0.0, 0.0, 0.0, 0.0, 0.0, 1.87237844, 1.74302669, 0.0, -0.68387299, -1.00293435, 1.42557159,\n                           -0.68387299],\n              'molecular_charge': 1.0,\n              'molecular_multiplicity': 1,\n              'name': 'H3O',\n              'provenance': {'creator': 'QCElemental',\n                             'routine': 'qcelemental.molparse.from_schema',\n                             'version': 'v0.16.0'},\n              'schema_name': 'qcschema_molecule',\n              'schema_version': 2,\n              'symbols': ['O', 'H', 'H', 'H'],\n              'validated': True},\n 'protocols': {},\n 'provenance': {'creator': 'QCElemental', 'routine': 'qcelemental.models.results', 'version': 'v0.16.0'},\n 'schema_name': 'qcschema_input',\n 'schema_version': 1}\n--------------------------------------------------------------------------\n\nScratch directory: /tmp/tmp957zld_r_psi_scratch/\n\n*** tstart() called on z066\n*** at Fri Sep 18 18:02:53 2020\n\n   => Loading Basis Set <=\n\n    Name: CC-PVDZ\n    Role: ORBITAL\n    Keyword: BASIS\n    atoms 1   entry O          line   198 file /group/f97/kraus/miniconda3/envs/psi4-1.4a2.dev923/share/psi4/basis/cc-pvdz.gbs \n    atoms 2-4 entry H          line    22 file /group/f97/kraus/miniconda3/envs/psi4-1.4a2.dev923/share/psi4/basis/cc-pvdz.gbs \n\n   => PBE0-DH-D3(BJ): Empirical Dispersion <=\n\n    Grimme's -D3 (BJ-damping) Dispersion Correction\n    Grimme S.; Ehrlich S.; Goerigk L. (2011), J. Comput. Chem., 32: 1456\n    Parametrisation from:    D. Bousquet, E. Bremond, J. C. Sancho-Garcia, I. Ciofini, C. Adamo, Theor. Chem. Acc. 134, 1602, 2015\n\n        s6 =       0.840000\n        s8 =       0.095000\n        a1 =       0.000000\n        a2 =       6.102000\n\n\n         ---------------------------------------------------------\n                                   SCF\n               by Justin Turney, Rob Parrish, Andy Simmonett\n                          and Daniel G. A. Smith\n                              RKS Reference\n                       28 Threads, 114440 MiB Core\n         ---------------------------------------------------------\n\n  ==> Geometry <==\n\n    Molecular point group: c1\n    Full point group: C1\n\n    Geometry (in Bohr), charge = 1, multiplicity = 1:\n\n       Center              X                  Y        